set_list_id,setlist_title,played_by,played_at,song_title,song_artist,song_youtube_id
514,2018-12-31,OmegaPhone,2018-12-31 23:07:07 -0800,secret,maroon 5,eEw1QqxNWAU
514,2018-12-31,OmegaPhone,2018-12-31 23:04:09 -0800,man from Mars,Artie shaw,cPyWgtY1cM4
514,2018-12-31,OmegaPhone,2018-12-31 23:03:24 -0800,bringing in a brand new year,b.b. king,026UWcK46oM
514,2018-12-31,OmegaPhone,2018-12-31 23:02:59 -0800,like a boss,Amy kucharik & friends,
514,2018-12-31,OmegaPhone,2018-12-31 23:02:13 -0800,happy new year,lighting hopkins,
514,2018-12-31,OmegaPhone,2018-12-31 22:48:54 -0800,grinning in your face,little axe,
514,2018-12-31,OmegaPhone,2018-12-31 22:47:46 -0800,in the dark,nina simone,HmANmf7fXUI
514,2018-12-31,OmegaPhone,2018-12-31 22:47:33 -0800,hound dog,big mama thornton,yoHDrzw-RPg
514,2018-12-31,OmegaPhone,2018-12-31 22:28:37 -0800,Playboy,hot chip,mATrenootCA
514,2018-12-31,OmegaPhone,2018-12-31 22:27:54 -0800,rocks in my bed,allen toussaint and Rhiannon giddens,GOqcSWw3rI8
514,2018-12-31,OmegaPhone,2018-12-31 22:25:10 -0800,born under a bad sign,Albert king,2Py37G9qsfY
514,2018-12-31,OmegaPhone,2018-12-31 22:24:49 -0800,voodoo,Allen stone,xXt1G8gpvPY
514,2018-12-31,OmegaPhone,2018-12-31 22:24:31 -0800,she just wants to dance,keb' mo',WVx7InnsH8o
514,2018-12-31,OmegaPhone,2018-12-31 22:23:15 -0800,'tain't what you do,Jimmie lunceford,1SkoD2CIakQ
514,2018-12-31,OmegaPhone,2018-12-31 22:11:39 -0800,john the revelator,gov't mule,LB8SOCtSJWs
514,2018-12-31,OmegaPhone,2018-12-31 22:10:52 -0800,St. James infirmary,Lou rawls,PFcmcH1DN2k
514,2018-12-31,OmegaPhone,2018-12-31 22:10:31 -0800,shiny stockings,count Basie,MV5apkGSkfM
514,2018-12-31,OmegaPhone,2018-12-31 22:09:55 -0800,drop me off in Harlem,Duke Ellington,VJBkp40KVI0
514,2018-12-31,OmegaPhone,2018-12-31 21:51:20 -0800,cheatin' man,Anthony david,Ew1xrZGOOr0
514,2018-12-31,OmegaPhone,2018-12-31 21:50:00 -0800,human,rag'n'bone man,L3wKzyIN1yk
514,2018-12-31,OmegaPhone,2018-12-31 21:49:41 -0800,down,Marian hill,DpMfP6qUSBo
514,2018-12-31,OmegaPhone,2018-12-31 21:37:42 -0800,callin' u,outlandish,wUNCkXcwGRA
514,2018-12-31,OmegaPhone,2018-12-31 21:32:33 -0800,222,Grace Potter & the notcurnals,ZPEE33a8ufA
514,2018-12-31,OmegaPhone,2018-12-31 21:32:03 -0800,lie to me,Jonny lang,3tigVYfHVmQ
514,2018-12-31,OmegaPhone,2018-12-31 21:31:54 -0800,like to me,Jonny lang,
514,2018-12-31,OmegaPhone,2018-12-31 21:24:09 -0800,baby girl,Laverne baker,
514,2018-12-31,OmegaPhone,2018-12-31 21:21:29 -0800,tangled up,Caro emerald,cyNwWTnCaEA
514,2018-12-31,OmegaPhone,2018-12-31 21:16:14 -0800,black rattler,Carl leyland,bnCklVD_XlY
514,2018-12-31,OmegaPhone,2018-12-31 21:11:40 -0800,you don't have to go,brother yusef,OIRjO9c9KIo
514,2018-12-31,OmegaPhone,2018-12-31 21:08:44 -0800,I got an uncle I Harlem,hot lips page,
514,2018-12-31,OmegaPhone,2018-12-31 21:04:41 -0800,on revival day,Lavern baker,FNbz9MoVhVM
514,2018-12-31,OmegaPhone,2018-12-31 21:03:41 -0800,what kind of woman is this,buddy guy,0zhV99Bvrgg
514,2018-12-31,OmegaPhone,2018-12-31 21:03:09 -0800,Pablo's blues,gare du nord,cNIFFr_LjGY
514,2018-12-31,OmegaPhone,2018-12-31 21:02:52 -0800,calling the maker,Aimee allen,49ahqMTIcJM
513,2018-12-30,OmegaWork,2018-12-30 20:20:16 -0800,a good night,john legend ft. bloodpop,KQRq9FZqNj0
513,2018-12-30,OmegaWork,2018-12-30 20:12:58 -0800,starving,"hailee steinfeld, grey, zedd",xwjwCFZpdns
513,2018-12-30,OmegaWork,2018-12-30 19:58:04 -0800,bang bang,melanie fiona,F6HlYfbaWd0
513,2018-12-30,OmegaWork,2018-12-30 19:54:50 -0800,liquid lunch,caro emerald,EUV2GPas4aY
513,2018-12-30,OmegaWork,2018-12-30 19:53:46 -0800,morning light,rachel goodrich,
513,2018-12-30,OmegaWork,2018-12-30 16:28:04 -0800,lost boy,ruth b.,58TBZnvyGwQ
513,2018-12-30,OmegaWork,2018-12-30 15:10:37 -0800,electric,alina baraz ft. khalid,uwWrSR8SFEc
513,2018-12-30,OmegaWork,2018-12-30 15:04:56 -0800,no angel,birdy,wemAsKJqD_Y
513,2018-12-30,OmegaWork,2018-12-30 14:59:11 -0800,mixed signals,Ruth B.,8vALk08nmyU
513,2018-12-30,OmegaWork,2018-12-30 14:51:02 -0800,only with you,CYN,0xCggNCs2kU
513,2018-12-30,OmegaWork,2018-12-30 14:46:20 -0800,broken,lund,pJqVTlHYVlc
513,2018-12-30,OmegaWork,2018-12-30 14:43:02 -0800,eyes closed,halsey,e_aCcG6SjH4
513,2018-12-30,OmegaWork,2018-12-30 14:40:30 -0800,hope,tim legend ft. br/\ve,HoT1cvWDBjE
512,2018-12-27,OmegaWork,2018-12-27 21:53:36 -0800,i'll still have me,CYN,-MZgtCp8mtc
512,2018-12-27,OmegaWork,2018-12-27 20:52:21 -0800,tee shirt,birdy,oM60hSMqIkI
512,2018-12-27,OmegaWork,2018-12-27 20:48:04 -0800,idon'twanttobeyouanymore,billie eilish,
512,2018-12-27,OmegaWork,2018-12-27 20:40:10 -0800,depression & obsession,xxxtentacion,yas2vpTPWWY
512,2018-12-27,OmegaWork,2018-12-27 20:37:43 -0800,the night we met,Lord Huron,KtlgYxa6BMU
512,2018-12-27,OmegaWork,2018-12-27 20:28:21 -0800,a drop in the ocean,ron pope,7hZpo1ZJDxM
512,2018-12-27,OmegaWork,2018-12-27 20:24:58 -0800,if you want love,NF,LfxY1sg5_rw
512,2018-12-27,OmegaWork,2018-12-27 20:20:32 -0800,pompeii,Jasmine thompson,M7zVn1AXNI0
512,2018-12-27,OmegaWork,2018-12-27 20:20:19 -0800,i'll be good,jaymes young,POqEVwROEQs
512,2018-12-27,OmegaWork,2018-12-27 20:19:59 -0800,hold on,overstreet,8ofCZObsnOo
512,2018-12-27,OmegaWork,2018-12-27 20:10:37 -0800,out of love,alessia cara,vDIhv4xXNeY
512,2018-12-27,OmegaWork,2018-12-27 20:06:28 -0800,i think i'm in love,kat dahlia,nOzz8qkbYcE
512,2018-12-27,OmegaWork,2018-12-27 20:04:34 -0800,tennessee whiskey,chris stapleton,4zAThXFOy2c
512,2018-12-27,OmegaWork,2018-12-27 20:04:31 -0800,tennessee whiskey,chris stapleton\,4zAThXFOy2c
512,2018-12-27,OmegaWork,2018-12-27 19:58:18 -0800,act like you love me,shawn mendez,
512,2018-12-27,OmegaWork,2018-12-27 19:52:39 -0800,i found myself,anna clendening,TJ3J5FzBlhY
512,2018-12-27,OmegaWork,2018-12-27 19:38:38 -0800,i feel like i'm drowning,two feet,WkVvG4QTO9M
512,2018-12-27,OmegaWork,2018-12-27 19:33:00 -0800,i hate u i love u,gnash,
512,2018-12-27,OmegaWork,2018-12-27 19:27:40 -0800,we are young,madilyn bailey,1gPYO0HvUEA
512,2018-12-27,OmegaWork,2018-12-27 19:24:45 -0800,six feet under,billie eilish,HZgiAgYXneE
512,2018-12-27,OmegaWork,2018-12-27 19:19:35 -0800,boys like you,anna clendening,aGl5sZZedrc
512,2018-12-27,OmegaWork,2018-12-27 19:10:26 -0800,say you love me,jessie ware,DAMM8JVbr8g
512,2018-12-27,OmegaWork,2018-12-27 19:08:13 -0800,happier,ed sheeran,iWZmdoY1aTE
512,2018-12-27,OmegaWork,2018-12-27 17:58:45 -0800,rise up,Andra Day,lwgr_IMeEgA
512,2018-12-27,OmegaWork,2018-12-27 17:50:58 -0800,one day,tate mcrae,F9zeI5NoysA
512,2018-12-27,OmegaWork,2018-12-27 17:49:18 -0800,breathe me,Jasmine Thompson,3LxnaoaHHKw
512,2018-12-27,OmegaWork,2018-12-27 17:45:58 -0800,party favor,billie eilish,tGHTOVw6F4Q
512,2018-12-27,OmegaWork,2018-12-27 17:39:04 -0800,in my blood (acoustic),shawn mendez,
512,2018-12-27,OmegaWork,2018-12-27 15:57:36 -0800,dive,ed sheeran,Wv2rLZmbPMA
512,2018-12-27,OmegaWork,2018-12-27 15:52:17 -0800,if by chance,ruth b.,5m2XqQQ7jrE
512,2018-12-27,OmegaWork,2018-12-27 15:48:15 -0800,strange birds,birdy,tx1FL24UGfE
512,2018-12-27,OmegaWork,2018-12-27 15:43:16 -0800,Young And Beautiful,Lana Del Rey,o_1aF54DO60
512,2018-12-27,OmegaWork,2018-12-27 15:29:10 -0800,jealous,labrinth,50VWOBi0VFs
512,2018-12-27,OmegaWork,2018-12-27 15:24:39 -0800,stay,jasmine thompson,q9UZrnLTrds
512,2018-12-27,OmegaWork,2018-12-27 15:22:00 -0800,love the way you lie,eminem,uelHwf8o7_U
512,2018-12-27,OmegaWork,2018-12-27 15:18:09 -0800,mixed signals,Ruth B.,8vALk08nmyU
512,2018-12-27,OmegaWork,2018-12-27 15:10:26 -0800,skinny love,birdy,aNzCDt2eidg
512,2018-12-27,OmegaWork,2018-12-27 15:10:13 -0800,not dark yet,calum scott,--I4at2x64Y
512,2018-12-27,OmegaWork,2018-12-27 14:55:23 -0800,a thousand years,christina perri,rtOvBOTyX00
512,2018-12-27,OmegaWork,2018-12-27 14:48:53 -0800,the district sleeps alone tonight,birdy,Txl5qkq-76E
512,2018-12-27,OmegaWork,2018-12-27 14:43:38 -0800,colors (stripped),halsey,C092uisdqh8
512,2018-12-27,OmegaWork,2018-12-27 14:43:23 -0800,rather be,jasmine thompson,_as_IxjD3Oo
512,2018-12-27,OmegaWork,2018-12-27 14:43:06 -0800,mercy (piano),shawn mendez,
511,2018-12-26,OmegaWork,2018-12-26 14:57:49 -0800,horns,bryce fox,0kTd-orXaLw
511,2018-12-26,OmegaWork,2018-12-26 14:57:33 -0800,space,sabrina carpenter,iKu14akOpr0
511,2018-12-26,OmegaWork,2018-12-26 14:57:23 -0800,river,bishop briggs,h5jz8xdpR0M
511,2018-12-26,OmegaWork,2018-12-26 14:57:07 -0800,the heat,the score,InAaCKqUmjE
511,2018-12-26,OmegaWork,2018-12-26 14:56:56 -0800,hit the ground running,haley reinhart,9OuGB_se06E
511,2018-12-26,OmegaWork,2018-12-26 14:29:41 -0800,shame,elle king,XXI8MGskrN0
510,2018-12-23,OmegaWork,2018-12-23 20:55:44 -0800,christmas blues,holly cole,igt3SJH-bRY
510,2018-12-23,OmegaWork,2018-12-23 19:24:26 -0800,"merry christmas, happy holidays",*nsync,wKj92352UAE
510,2018-12-23,OmegaWork,2018-12-23 19:18:59 -0800,BLUE CHRISTMAS,THE LUMINEERS,9uh_QstbWx8
510,2018-12-23,OmegaWork,2018-12-23 19:15:16 -0800,merry christmas darling (take 1),hop wilson,UjxQB4lg4z0
510,2018-12-23,OmegaWork,2018-12-23 19:14:43 -0800,i saw three ships,lindsey stirling,F8KEgI7WGQ0
510,2018-12-23,OmegaWork,2018-12-23 17:40:47 -0800,christmas boogie,canned heat,GMSVAHhcxwc
509,2018-12-20,OmegaWork,2018-12-20 22:04:40 -0800,silver bells,meaghan smith,5X4o73ETgsc
509,2018-12-20,OmegaWork,2018-12-20 19:27:52 -0800,maybe this time,good lovelies,kAISWIoZcZI
509,2018-12-20,OmegaWork,2018-12-20 19:11:47 -0800,"Merry, Merry christmas",koko taylor,5mTtgRoosog
509,2018-12-20,OmegaWork,2018-12-20 17:59:09 -0800,peace on earth / little drummer boy,bing crosby & david bowie,CuIn95h10ZQ
509,2018-12-20,OmegaWork,2018-12-20 16:53:34 -0800,o come all ye faithful/o holy night,trans-siberian orchestra,fcMe551smvs
509,2018-12-20,OmegaWork,2018-12-20 16:45:32 -0800,it snowed,meaghan smith,ZRjhJ_oWUPs
509,2018-12-20,OmegaWork,2018-12-20 16:40:17 -0800,devonshire carol / angels we have heard on high,craig duncan,VYxgnj5w7fQ
509,2018-12-20,OmegaWork,2018-12-20 16:38:12 -0800,deck the halls,nat king cole,WgEVI8DEkF8
509,2018-12-20,OmegaWork,2018-12-20 16:03:17 -0800,the first noel,*nsync,6CbL8qndoVE
509,2018-12-20,OmegaWork,2018-12-20 15:54:23 -0800,agnus dei,amy grant,yDcJTp08114
509,2018-12-20,OmegaWork,2018-12-20 15:14:27 -0800,"gee whiz, it's christmas",carla thomas,DurNzCqdde4
509,2018-12-20,OmegaWork,2018-12-20 15:10:58 -0800,a holly jolly christmas,burl ives,DtVxFi9C0RA
509,2018-12-20,OmegaWork,2018-12-20 15:10:40 -0800,what child is this,francesca battistelli,ABKhfBsfPMs
509,2018-12-20,OmegaWork,2018-12-20 14:58:24 -0800,thank god it's christmas,queen,6V5mtUff6ik
508,2018-12-19,OmegaWork,2018-12-19 20:11:58 -0800,medley: sussex carol/in dulce jubilo,kildare,
508,2018-12-19,OmegaWork,2018-12-19 20:11:22 -0800,let it snow! let it snow! let it snow!,dean martin,mN7LW0Y00kE
508,2018-12-19,OmegaWork,2018-12-19 19:55:31 -0800,i've got my love to keep me warm,frank sinatra,JqIRaAL4ZzY
508,2018-12-19,OmegaWork,2018-12-19 19:48:04 -0800,back door santa,b.b. king,IMfhaGNoSfw
508,2018-12-19,OmegaWork,2018-12-19 19:44:11 -0800,all i want is you this christmas,*nsync,3g7xnlGodus
508,2018-12-19,OmegaWork,2018-12-19 19:36:27 -0800,hark! the herald angels sing,pentatonix,4tWkK22od7c
508,2018-12-19,OmegaWork,2018-12-19 19:36:03 -0800,this christmas,donny hathaway,pj1mVUEHeUE
508,2018-12-19,OmegaWork,2018-12-19 19:27:27 -0800,have yourself a merry little christmas,luther vandross,lIcAgX2e3CM
508,2018-12-19,OmegaWork,2018-12-19 19:23:22 -0800,up on the housetop,gene autry,5xSlmQkIz8w
508,2018-12-19,OmegaWork,2018-12-19 19:16:55 -0800,white wine in the sun,tim minchin,fCNvZqpa-7Q
508,2018-12-19,OmegaWork,2018-12-19 19:16:16 -0800,the christmas song,michael buble,0bSkwEqTksI
508,2018-12-19,OmegaWork,2018-12-19 19:10:03 -0800,god rest ye merry gentlemen/joy to the world,the celts,ac2Qtpi4l5s
507,2018-12-18,entonfire,2018-12-18 22:38:44 -0800,Imaginary Friend,Mâˆ…,vc_pBcPGKts
507,2018-12-18,OmegaWork,2018-12-18 16:53:24 -0800,december 25,francesca battistelli,oftD2euR05Y
507,2018-12-18,OmegaWork,2018-12-18 16:52:56 -0800,white christmas,clyde mcphatter & the drifters,XrqW1EBLyJA
507,2018-12-18,OmegaWork,2018-12-18 16:46:41 -0800,little christmas song,dave roth,x2-6t1GP4Eo
507,2018-12-18,OmegaWork,2018-12-18 16:42:25 -0800,the christians and the pagans,dar williams,t_KiHRHwaAs
507,2018-12-18,OmegaWork,2018-12-18 16:41:39 -0800,"christmas bells, carousels, & time",trans-siberian orchestra,9Zlad_IHStc
507,2018-12-18,OmegaWork,2018-12-18 16:40:06 -0800,rudolph the red-nosed reindeer,burl ives,bMletImQ_cs
507,2018-12-18,OmegaWork,2018-12-18 16:37:45 -0800,what christmas means to me,stevie wonder,wtgGBgpNcIo
507,2018-12-18,OmegaWork,2018-12-18 15:39:12 -0800,merry christmas baby,bruce springsteen,xeMY6R72XKE
507,2018-12-18,OmegaWork,2018-12-18 15:32:57 -0800,last christmas (pudding mix),WHAM!,rdBF5seCfwg
507,2018-12-18,OmegaWork,2018-12-18 15:30:11 -0800,a holly jolly christmas (single version),burl ives,nVMCUtsmWmQ
507,2018-12-18,OmegaWork,2018-12-18 15:25:09 -0800,have yourself a merry little christmas,michael buble,l3l83C-we-k
507,2018-12-18,OmegaWork,2018-12-18 15:06:42 -0800,big bad handsome man,imelda may,4qJXTR7SyBQ
507,2018-12-18,OmegaWork,2018-12-18 14:48:44 -0800,even if it hurts,sam tinnesz,SqaNhYIxF0I
507,2018-12-18,OmegaWork,2018-12-18 14:06:57 -0800,angel of small death and the codeine scene,hozier,-bmp4QWzHak
506,2018-12-16,OmegaWork,2018-12-16 20:16:47 -0800,no mercy,zayde wolf,El6UfHBAmHE
506,2018-12-16,OmegaWork,2018-12-16 17:34:59 -0800,coming down,halsey,eRXO77hJGKA
506,2018-12-16,OmegaWork,2018-12-16 16:41:40 -0800,trust my lonely,alessia cara,
506,2018-12-16,OmegaWork,2018-12-16 16:38:06 -0800,baddabing baddaboom,earl,YTKjzWXLfWk
506,2018-12-16,OmegaWork,2018-12-16 16:33:26 -0800,i'll still have me,cyn,-MZgtCp8mtc
506,2018-12-16,OmegaWork,2018-12-16 16:29:35 -0800,free animal,foreign air,160rtD36ojI
506,2018-12-16,OmegaWork,2018-12-16 16:12:37 -0800,mama yo! (extended mix),mayra veronica vs. yolanda be cool,Zd6_mb5q5Us
506,2018-12-16,OmegaWork,2018-12-16 16:00:27 -0800,i'm gonna show you crazy,bebe rexha,kEDZZin4_eM
506,2018-12-16,OmegaWork,2018-12-16 15:53:10 -0800,put it on me,matt maeson,T0SC3NjsOiY
506,2018-12-16,OmegaWork,2018-12-16 15:49:40 -0800,human,rag'n'bone man,L3wKzyIN1yk
506,2018-12-16,OmegaWork,2018-12-16 15:47:06 -0800,colors,halsey,
506,2018-12-16,OmegaWork,2018-12-16 15:42:31 -0800,the fire,bishop briggs,I-4SFdxq6oc
506,2018-12-16,OmegaWork,2018-12-16 15:40:05 -0800,all that glitters,earl,WY8W6NqtTlM
506,2018-12-16,OmegaWork,2018-12-16 15:36:28 -0800,pack up the louie,caro emerald,15qupsFAAPw
506,2018-12-16,OmegaWork,2018-12-16 15:34:49 -0800,shake the room,Gamu,iZx9bSgN9Q8
505,2018-12-11,OmegaWork,2018-12-11 15:32:50 -0800,trust my lonely,alessia cara,
504,2018-12-10,OmegaWork,2018-12-10 19:35:50 -0800,PLAY WITH FIRE,SAM TINNESZ,yzVQkO92wNw
504,2018-12-10,entonfire,2018-12-10 15:03:17 -0800,Never Coming Home,Reigning Sound,tirtx2R0oeA
504,2018-12-10,entonfire,2018-12-10 14:23:37 -0800,I'll Be Around,The Growlers,p50R8rkzkhk
503,2018-12-06,OmegaWork,2018-12-06 17:40:37 -0800,walk on water,thirty seconds to mars,FA2w-PMKspo
503,2018-12-06,OmegaWork,2018-12-06 17:36:33 -0800,copycat,billie eilish,
503,2018-12-06,OmegaWork,2018-12-06 17:33:41 -0800,overtime,briKa,DwlO5QMcYN4
503,2018-12-06,OmegaWork,2018-12-06 16:05:38 -0800,eyes closed,halsey,e_aCcG6SjH4
503,2018-12-06,OmegaWork,2018-12-06 16:05:24 -0800,eye closed,halsey,e_aCcG6SjH4
502,2018-12-05,zerzhul,2018-12-05 22:26:12 -0800,Gasoline,Halsey,zRHNi3QfFlE
502,2018-12-05,OmegaWork,2018-12-05 21:48:37 -0800,play with fire,sam tinnesz ft. yacht money,
502,2018-12-05,OmegaWork,2018-12-05 20:42:24 -0800,castle (the huntsman: winter's war version),halsey,adScYCXzuLg
502,2018-12-05,OmegaWork,2018-12-05 20:38:31 -0800,six feet under,billie eilish,HZgiAgYXneE
502,2018-12-05,OmegaWork,2018-12-05 20:18:38 -0800,the other woman,Caro Emerald,huOqr2bXVs8
502,2018-12-05,OmegaWork,2018-12-05 20:13:15 -0800,wild horses (acoustic),bishop briggs,Tl9LElqpFOQ
502,2018-12-05,OmegaWork,2018-12-05 19:26:51 -0800,legendary,welshly arms,Z2CZn966cUg
502,2018-12-05,OmegaWork,2018-12-05 17:35:47 -0800,dark side,bishop briggs,akrnJEjUUm4
502,2018-12-05,OmegaWork,2018-12-05 16:42:28 -0800,bourbon street,jeff tuchy,
502,2018-12-05,OmegaWork,2018-12-05 16:30:03 -0800,got it,marian hill,
502,2018-12-05,OmegaWork,2018-12-05 16:28:09 -0800,all that glitters,earl,WY8W6NqtTlM
502,2018-12-05,OmegaWork,2018-12-05 16:20:00 -0800,shake the room,gamu,iZx9bSgN9Q8
502,2018-12-05,zerzhul,2018-12-05 13:50:36 -0800,put the gun down,zz ward,5chkHjTNFgk
502,2018-12-05,zerzhul,2018-12-05 12:51:20 -0800,hostage,Billie Eilish,skHbZBsS7hM
502,2018-12-05,zerzhul,2018-12-05 12:47:45 -0800,Dream,Bishop Briggs,bqsiJPK-94Q
502,2018-12-05,zerzhul,2018-12-05 12:33:55 -0800,hate u love u,Olivia O'Brien,BiQIc7fG9pA
502,2018-12-05,zerzhul,2018-12-05 12:22:58 -0800,Without Me,Halsey,ZAfAud_M_mg
501,2018-12-04,OmegaWork,2018-12-04 19:53:28 -0800,feeling good,avicii,S565hk5T7SA
501,2018-12-04,OmegaWork,2018-12-04 19:20:39 -0800,tongue tied,earl,-Kj2_bGe3lo
501,2018-12-04,OmegaWork,2018-12-04 19:13:58 -0800,where the devil don't go,elle king,xWuRMQODsWI
501,2018-12-04,OmegaWork,2018-12-04 17:38:36 -0800,I'm gonna show you crazy,bebe rexha,kEDZZin4_eM
501,2018-12-04,OmegaWork,2018-12-04 17:19:57 -0800,hellfire,barns courtney,RDPNjIbFGsI
501,2018-12-04,OmegaWork,2018-12-04 17:19:26 -0800,broken bones,kaleo,x9IE0gLgrcM
501,2018-12-04,OmegaWork,2018-12-04 16:54:24 -0800,you should see me in a crown,billie eilish,
501,2018-12-04,OmegaWork,2018-12-04 16:51:27 -0800,black sheep,gin wigmore,u7aNKstBCM4
501,2018-12-04,OmegaWork,2018-12-04 16:47:07 -0800, sing sing sing (album version),bebo best & the super lounge orchestra,qJ0_r1Emui8
501,2018-12-04,OmegaWork,2018-12-04 16:42:23 -0800,how you like me now?,the heavy ft. the dap-kings horns,zr2yXqmcSr0
501,2018-12-04,OmegaWork,2018-12-04 16:38:41 -0800,legends are made,sam tinnesz,EKVZrbitbd8
501,2018-12-04,OmegaWork,2018-12-04 16:26:50 -0800,high enough,k.flay,
501,2018-12-04,OmegaWork,2018-12-04 16:20:21 -0800,ex's and ohs,elle king,0uLI6BnVh6w
501,2018-12-04,OmegaWork,2018-12-04 16:16:10 -0800,no roots,alice merton,PUdyuKaGQd4
501,2018-12-04,OmegaWork,2018-12-04 15:58:36 -0800,be your love,bishop briggs,oBoQ7TG5BMw
501,2018-12-04,OmegaWork,2018-12-04 15:58:22 -0800,dangerous,zayde wolf,80TPyqacv3I
501,2018-12-04,OmegaWork,2018-12-04 15:54:01 -0800,check it out,oh the larceny,d8wRzS_DSy0
501,2018-12-04,OmegaWork,2018-12-04 15:50:48 -0800,99 problems,Hugo,LloIp0HMJjc
501,2018-12-04,OmegaWork,2018-12-04 15:47:28 -0800,whiskey fever,dorothy,pYDThNDu7z8
501,2018-12-04,OmegaWork,2018-12-04 15:45:49 -0800,gladiator,zayde wolf,fT67ta4VrQQ
501,2018-12-04,OmegaWork,2018-12-04 15:45:12 -0800,lovit,marian hill,bnVIQmPJ_X8
501,2018-12-04,OmegaWork,2018-12-04 15:41:01 -0800,chainsmoking,jacob banks,wjNxTyEZBMc
501,2018-12-04,OmegaWork,2018-12-04 15:24:37 -0800,put the gun down,zz ward,5chkHjTNFgk
501,2018-12-04,OmegaWork,2018-12-04 15:16:40 -0800,legend,the score,jecQcgbyetw
501,2018-12-04,OmegaWork,2018-12-04 15:13:13 -0800,roots,imagine dragons,
501,2018-12-04,OmegaWork,2018-12-04 15:10:14 -0800,river,bishop briggs,h5jz8xdpR0M
501,2018-12-04,OmegaWork,2018-12-04 15:08:39 -0800,thumbs,sabrina carpenter,uAVUl0cAKpo
501,2018-12-04,OmegaWork,2018-12-04 15:02:38 -0800,bad at love,halsey,xdYFuCp3m9k
501,2018-12-04,OmegaWork,2018-12-04 14:58:05 -0800,like that,bea miller,4lOE9GV096E
501,2018-12-04,OmegaWork,2018-12-04 14:55:18 -0800,water,bishop briggs,Gwbam4SGNRc
501,2018-12-04,OmegaWork,2018-12-04 14:55:06 -0800,way down we go,kaleo,
501,2018-12-04,OmegaWork,2018-12-04 14:48:47 -0800,ready set let's go,sam tinnesz,LCRiErm1GVw
501,2018-12-04,OmegaWork,2018-12-04 14:46:32 -0800,kill of the night,gin wigmore,pGju9VaQuyg
500,2018-11-27,OmegaWork,2018-11-27 20:36:27 -0800, Mine,Phoebe Ryan,2fsdNJAzLuU
500,2018-11-27,OmegaWork,2018-11-27 20:07:44 -0800,guys my age,hey violet,3LzWUAkpNrQ
500,2018-11-27,OmegaWork,2018-11-27 19:31:21 -0800,horns,bryce fox,0kTd-orXaLw
500,2018-11-27,OmegaWork,2018-11-27 19:28:05 -0800,havana,camila cabello,BQ0mxQXmLsk
500,2018-11-27,OmegaWork,2018-11-27 19:14:53 -0800,love is a bitch,two feet,_DjE4gbIVZk
500,2018-11-27,OmegaWork,2018-11-27 19:11:32 -0800,coming down,halsey,eRXO77hJGKA
500,2018-11-27,OmegaWork,2018-11-27 19:08:28 -0800,you should see me in a crown,billie eilish,
499,2018-11-25,OmegaWork,2018-11-25 17:21:25 -0800,rockin' around the christmas tree,brenda lee,Idl-K8s1GYo
499,2018-11-25,OmegaWork,2018-11-25 17:20:56 -0800,mary did you know,pentatonix,ifCWN5pJGIE
499,2018-11-25,OmegaWork,2018-11-25 17:20:33 -0800,little saint nick,the beach boys,aSynDh_K0EE
499,2018-11-25,OmegaWork,2018-11-25 17:20:16 -0800,christmas eve / sarajevo 12/24 (instrumental),trans-siberian orchestra,4Hd8jLgpaZQ
499,2018-11-25,OmegaWork,2018-11-25 17:19:34 -0800,"merry christmas, happy holidays",*nsync,wKj92352UAE
499,2018-11-25,OmegaWork,2018-11-25 17:19:10 -0800,jingle bells,nat king cole,VEEe1eX0wu4
499,2018-11-25,OmegaWork,2018-11-25 17:18:58 -0800,wonderful christmastime,paul mccartney,hMhMekfIyos
499,2018-11-25,OmegaWork,2018-11-25 17:18:32 -0800,christmas (baby please come home),U2,mmZBC92pgrE
499,2018-11-25,OmegaWork,2018-11-25 17:18:15 -0800,it's beginning to look a lot like christmas,bing crosby,rGLAsmblXuM
499,2018-11-25,OmegaWork,2018-11-25 17:17:56 -0800,come on santa,the raveonettes,nvsZFO2j_dY
499,2018-11-25,OmegaWork,2018-11-25 17:17:42 -0800,angels we have heard on high,pentatonix,VAMzAIH12yc
499,2018-11-25,OmegaWork,2018-11-25 17:17:27 -0800,happy xmas (war is over),john lennon,z8Vfp48laS8
499,2018-11-25,OmegaWork,2018-11-25 17:17:07 -0800,the first noel,vanessa williams,Rhl-4w2KgxA
499,2018-11-25,OmegaWork,2018-11-25 17:16:55 -0800,jingle bell rock,brian setzer orchestra,fhCMysc4i-s
499,2018-11-25,OmegaWork,2018-11-25 17:16:36 -0800,a holly jolly christmas,burl ives,DtVxFi9C0RA
499,2018-11-25,OmegaWork,2018-11-25 17:16:22 -0800,christmas dreams,franscesca battistelli,
499,2018-11-25,OmegaWork,2018-11-25 17:15:57 -0800,sleigh ride,the ronettes,Y6rDA2Czz0E
499,2018-11-25,OmegaWork,2018-11-25 17:15:41 -0800,carol of the bells,the jubilation singers,vCLkDe035nQ
499,2018-11-25,OmegaWork,2018-11-25 15:54:29 -0800,it's beginning to look a lot like christmas,perry como & the fontane sisters,RK9W8H6zfyU
499,2018-11-25,OmegaWork,2018-11-25 15:50:21 -0800,winter wonderland,ray charles,Mf237dVhLyU
499,2018-11-25,OmegaWork,2018-11-25 15:48:34 -0800,merry christmas baby (take 1),otis redding,rEyV8gnC4aQ
499,2018-11-25,OmegaWork,2018-11-25 15:47:22 -0800,pray,justin bieber,
499,2018-11-25,OmegaWork,2018-11-25 15:42:32 -0800,what child is this,third day,F9LDPHjSum4
499,2018-11-25,OmegaWork,2018-11-25 15:37:32 -0800,someday at christmas,stevie wonder & andra day,
499,2018-11-25,OmegaWork,2018-11-25 15:35:30 -0800,let it snow! let it snow! let it snow!,michael buble,-10fWHdpmks
499,2018-11-25,OmegaWork,2018-11-25 15:34:57 -0800,run rudolph run,chuck berry,MVu4c7dhDRE
499,2018-11-25,OmegaWork,2018-11-25 15:29:38 -0800,o come all ye faithful,amy grant,AITEnEAqmyk
499,2018-11-25,OmegaWork,2018-11-25 15:25:45 -0800,please come home for christmas,eagles,
499,2018-11-25,OmegaWork,2018-11-25 15:25:27 -0800,the christmas song,nat king cole,89gVQvFV7hQ
499,2018-11-25,OmegaWork,2018-11-25 15:19:50 -0800,white christmas,otis redding,uwCcVRH8idA
499,2018-11-25,OmegaWork,2018-11-25 15:17:37 -0800,what christmas means to me,stevie wonder,wtgGBgpNcIo
499,2018-11-25,OmegaWork,2018-11-25 15:17:15 -0800,mele kalikimaka,bing crosby and andrews sisters,hEvGKUXW0iI
499,2018-11-25,OmegaWork,2018-11-25 15:16:18 -0800,white wine in the sun,tim minchin,fCNvZqpa-7Q
498,2018-11-18,OmegaWork,2018-11-18 20:29:52 -0800,foreign object,the mountain goats,JQNv2sY7Ge0
497,2018-11-12,OmegaWork,2018-11-12 21:05:45 -0800,money to burn,samantha fish,s42ewyu4C_8
497,2018-11-12,OmegaWork,2018-11-12 20:50:03 -0800,the blues is my business,etta james,copLTgjtcsg
497,2018-11-12,OmegaWork,2018-11-12 20:45:24 -0800,deceptively yours,The Peter malick group ft. norah jones,sQnBB3J7PHs
497,2018-11-12,OmegaWork,2018-11-12 20:43:50 -0800,tennessee whiskey,chris stapleton,4zAThXFOy2c
497,2018-11-12,OmegaWork,2018-11-12 20:29:11 -0800,bad bad feeling,trampled under foot,d5GC1ufe6Pw
497,2018-11-12,OmegaWork,2018-11-12 20:26:16 -0800,i never loved a man the way i love you,aretha franklin,waS0rKeuzg8
497,2018-11-12,OmegaWork,2018-11-12 20:23:38 -0800,steal away,etta james,LXsAH-fFxqg
497,2018-11-12,OmegaWork,2018-11-12 19:51:07 -0800,hot spell,danielle nicole,ZIdNu3IJVes
496,2018-11-11,OmegaWork,2018-11-11 15:35:29 -0800,two go down,trampled underfoot,svuzRWrgxYg
496,2018-11-11,OmegaWork,2018-11-11 15:31:36 -0800,do i ever cross your mind,ray charles and bonnie raitt,QgD3K9n4vGQ
496,2018-11-11,OmegaWork,2018-11-11 15:26:37 -0800,how you gonna do me like that,Danielle Nicole,5-puSl-V2lI
495,2018-10-30,Omega,2018-10-30 17:46:49 -0700,Havana,Camila cabello,BQ0mxQXmLsk
495,2018-10-30,Omega,2018-10-30 17:45:49 -0700,til the casket drops,zz Ward,EmEdyFIi-n4
495,2018-10-30,Omega,2018-10-30 17:40:17 -0700,love is a bitch,two feet,_DjE4gbIVZk
495,2018-10-30,Omega,2018-10-30 16:50:18 -0700,is there somewhere,Halsey,686SmDtBOu8
495,2018-10-30,Omega,2018-10-30 16:48:47 -0700,monsters,ruelle,PPte8HzjpQk
495,2018-10-30,Omega,2018-10-30 16:43:06 -0700,put it on me,Matt maeson,-hcAI0g-f5M
494,2018-10-28,Omega,2018-10-28 21:37:49 -0700,almost love,Sabrina Carpenter,
494,2018-10-28,Omega,2018-10-28 21:36:23 -0700,like that,Bea Miller,TZrZKHBBFvQ
494,2018-10-28,Omega,2018-10-28 21:31:27 -0700,legendary,welshly arms,Z2CZn966cUg
494,2018-10-28,Omega,2018-10-28 21:17:28 -0700,who did that to you,John legend,cAnOt74e9_Q
494,2018-10-28,Omega,2018-10-28 21:06:05 -0700,natural,imagine dragons,0I647GU3Jsc
494,2018-10-28,Omega,2018-10-28 21:03:44 -0700,control,Halsey,so8V5dAli-Q
494,2018-10-28,Omega,2018-10-28 20:40:59 -0700,heaven knows,the pretty reckless,
494,2018-10-28,Omega,2018-10-28 20:37:07 -0700,born ready,zayde wolf,
494,2018-10-28,Omega,2018-10-28 20:33:39 -0700,feeling good,avicii,S565hk5T7SA
494,2018-10-28,Omega,2018-10-28 20:27:38 -0700,baby,Bishop Briggs,T_Mz7iUxdqg
494,2018-10-28,entonfire,2018-10-28 18:52:01 -0700,Kiss Me,Tom Waits,JJNsNieqrFc
493,2018-10-25,OmegaWork,2018-10-25 18:08:24 -0700,loveit,marian hill,
493,2018-10-25,OmegaWork,2018-10-25 18:08:13 -0700,believer,imagine dragons,
493,2018-10-25,OmegaWork,2018-10-25 18:08:03 -0700,monsters,ruelle,PPte8HzjpQk
493,2018-10-25,OmegaWork,2018-10-25 18:07:54 -0700,high enough,k.flay,
493,2018-10-25,OmegaWork,2018-10-25 18:07:29 -0700,be your love,bishop briggs,oBoQ7TG5BMw
493,2018-10-25,OmegaWork,2018-10-25 18:06:49 -0700,born ready,zayde wolf,
493,2018-10-25,OmegaWork,2018-10-25 18:06:32 -0700,seven nation army,the white stripes,0J2QdDbelmY
493,2018-10-25,OmegaWork,2018-10-25 17:17:37 -0700,love is a bitch,two feet,_DjE4gbIVZk
493,2018-10-25,OmegaWork,2018-10-25 17:13:14 -0700,coming down,Halsey,eRXO77hJGKA
493,2018-10-25,OmegaWork,2018-10-25 17:03:29 -0700,let me go,hailee steinfeld & alesso ft. florida georgia line & watt,
493,2018-10-25,OmegaWork,2018-10-25 17:00:40 -0700,dark side,bishop briggs,akrnJEjUUm4
493,2018-10-25,OmegaWork,2018-10-25 17:00:29 -0700,gold on the ceiling,the black keys,6yCIDkFI7ew
493,2018-10-25,OmegaWork,2018-10-25 17:00:14 -0700,ready set let's go,sam tinnesz,LCRiErm1GVw
493,2018-10-25,OmegaWork,2018-10-25 16:35:37 -0700,you don't love me,caro emerald,D2MUN6pdACw
493,2018-10-25,OmegaWork,2018-10-25 16:31:04 -0700,'til the casket drops,zz ward,EmEdyFIi-n4
493,2018-10-25,OmegaWork,2018-10-25 16:27:42 -0700,baddabing  baddaboom,earl,YTKjzWXLfWk
493,2018-10-25,OmegaWork,2018-10-25 16:24:01 -0700,i miss the misery,halestorm,
493,2018-10-25,OmegaWork,2018-10-25 16:13:47 -0700,no roots,alice merton,PUdyuKaGQd4
493,2018-10-25,OmegaWork,2018-10-25 16:13:34 -0700,ghost,zz ward,rCluK1mkdyc
493,2018-10-25,OmegaWork,2018-10-25 16:13:26 -0700,There's nothing holding me back (acoustic),shawn mendes,H0gh-zqfk40
493,2018-10-25,OmegaWork,2018-10-25 16:12:47 -0700,under the influence,elle king,EtM7zIF-IlU
493,2018-10-25,OmegaWork,2018-10-25 16:12:33 -0700,revolution,the score,b99r48grKGI
493,2018-10-25,OmegaWork,2018-10-25 15:38:43 -0700,control,halsey,
493,2018-10-25,OmegaWork,2018-10-25 15:35:29 -0700,I feel like I'm drowning,two feet,WkVvG4QTO9M
493,2018-10-25,OmegaWork,2018-10-25 15:31:15 -0700,champion,barns courtney,HLEn5MyXUfE
493,2018-10-25,OmegaWork,2018-10-25 15:26:11 -0700,roots,imagine dragons,
493,2018-10-25,OmegaWork,2018-10-25 15:22:16 -0700,hustler,zayde wolf,f74iUVXF_cM
493,2018-10-25,OmegaWork,2018-10-25 15:15:19 -0700,strange love,halsey,x-Jo25SL56A
493,2018-10-25,OmegaWork,2018-10-25 15:11:08 -0700,good thing gone,elle king,f9bSMmgi4i0
493,2018-10-25,OmegaWork,2018-10-25 14:57:46 -0700,thunder,imagine dragons,fKopy74weus
493,2018-10-25,OmegaWork,2018-10-25 14:57:29 -0700,river,bishop briggs,h5jz8xdpR0M
493,2018-10-25,OmegaWork,2018-10-25 14:57:18 -0700,you should see me in a crown,billie eilish,
493,2018-10-25,OmegaWork,2018-10-25 14:56:53 -0700,thumbs,sabrina carpenter,uAVUl0cAKpo
493,2018-10-25,OmegaWork,2018-10-25 14:21:55 -0700,I Told You I Was Mean,Elle King,fshgbTx7LCg
493,2018-10-25,Omega,2018-10-25 13:32:55 -0700,angel of small death and the codeine scene,hozier,-bmp4QWzHak
493,2018-10-25,Omega,2018-10-25 13:24:51 -0700,broken bones,kaleo,x9IE0gLgrcM
493,2018-10-25,Omega,2018-10-25 13:24:37 -0700,castle,halsey,
492,2018-10-24,OmegaWork,2018-10-24 22:21:37 -0700,heaven knows,the pretty reckless,
492,2018-10-24,OmegaWork,2018-10-24 22:15:40 -0700,side to side,ariana grande,SXiSVQZLje8
492,2018-10-24,OmegaWork,2018-10-24 22:11:29 -0700,legends are made,sam tinnesz,EKVZrbitbd8
492,2018-10-24,OmegaWork,2018-10-24 21:59:58 -0700,colors,halsey,
492,2018-10-24,OmegaWork,2018-10-24 21:52:40 -0700,mad hatter,melanie martinez,04UjShXZbD0
492,2018-10-24,OmegaWork,2018-10-24 21:45:41 -0700,whatever it takes,imagine dragons,
492,2018-10-24,OmegaWork,2018-10-24 21:43:38 -0700,guilty,Rag'n'Bone man,TgKSUQDwEqc
492,2018-10-24,OmegaWork,2018-10-24 21:39:06 -0700,legend,the score,jecQcgbyetw
492,2018-10-24,OmegaWork,2018-10-24 21:37:20 -0700,written in the water,gin wigmore,lMQofCndDAA
492,2018-10-24,OmegaWork,2018-10-24 21:33:33 -0700,where the devil don't go,elle king,xWuRMQODsWI
492,2018-10-24,OmegaWork,2018-10-24 21:33:03 -0700,sucker for pain,"lil wayne, wiz khalifa, imagine dragons, logic, ty dolla $ign, x ambassadors",-59jGD4WrmE
492,2018-10-24,OmegaWork,2018-10-24 21:10:57 -0700,higher,the score,
492,2018-10-24,OmegaWork,2018-10-24 21:07:21 -0700,horns,bryce fox,0kTd-orXaLw
492,2018-10-24,OmegaWork,2018-10-24 20:59:26 -0700,guys my age,hey violet,3LzWUAkpNrQ
492,2018-10-24,OmegaWork,2018-10-24 20:55:23 -0700,who did that to you?,John Legend,cAnOt74e9_Q
492,2018-10-24,OmegaWork,2018-10-24 20:51:47 -0700,black sheep,gin wigmore,u7aNKstBCM4
492,2018-10-24,OmegaWork,2018-10-24 20:17:56 -0700,Paris,Caro Emerald,B3aWlt81EwU
492,2018-10-24,OmegaWork,2018-10-24 19:44:26 -0700,meant to be,bebe rexha ft. florida georgia line,zDo0H8Fm7d0
492,2018-10-24,OmegaPhone,2018-10-24 19:42:34 -0700,whiskey fever,Dorothy,pYDThNDu7z8
492,2018-10-24,OmegaWork,2018-10-24 16:48:43 -0700,nothing to no one,gin wigmore,4PVTtWbeq7Y
492,2018-10-24,OmegaWork,2018-10-24 16:45:25 -0700,ain't gonna drown,elle king,jW23WBsv3Jc
492,2018-10-24,OmegaWork,2018-10-24 16:40:20 -0700,No Roots,Alice Merton,PUdyuKaGQd4
492,2018-10-24,OmegaWork,2018-10-24 16:35:35 -0700,way down we go,kaleo,
492,2018-10-24,OmegaWork,2018-10-24 16:35:14 -0700,beggin for thread,banks,Twix375Me4Q
492,2018-10-24,OmegaWork,2018-10-24 16:28:30 -0700,chainsmoking,Jacob Banks,wjNxTyEZBMc
492,2018-10-24,OmegaWork,2018-10-24 16:27:42 -0700,come together,gary clark jr.,r7imYeuAfkg
492,2018-10-24,OmegaWork,2018-10-24 16:27:28 -0700,human,Rag'n'Bone Man,L3wKzyIN1yk
492,2018-10-24,OmegaWork,2018-10-24 15:18:24 -0700,thunder,imagine dragons,fKopy74weus
492,2018-10-24,OmegaWork,2018-10-24 15:15:19 -0700,good girls,Elle King,lq0qbbj2c50
492,2018-10-24,OmegaWork,2018-10-24 15:05:39 -0700,tongue tied,earl,-Kj2_bGe3lo
492,2018-10-24,OmegaWork,2018-10-24 15:03:40 -0700,lips,Marian hill,8-FUkhVtveU
492,2018-10-24,OmegaWork,2018-10-24 15:03:30 -0700,is there somewhere,Halsey,686SmDtBOu8
492,2018-10-24,OmegaPhone,2018-10-24 14:44:44 -0700,why'd you bring a shotgun to the party,the pretty reckless,KAqG8eqFoLA
492,2018-10-24,OmegaPhone,2018-10-24 14:36:27 -0700,cryin' wolf,zz ward,JUfCwW19p38
492,2018-10-24,OmegaPhone,2018-10-24 14:33:48 -0700,muddy waters,lp,o6SprGmHTy4
492,2018-10-24,OmegaPhone,2018-10-24 14:28:05 -0700,you should see me in a crown,Billie eilish,Ah0Ys50CqO8
491,2018-10-23,Omega,2018-10-23 18:13:31 -0700,glitter & gold,barns courtney,IrV90gXmOpA
491,2018-10-23,Omega,2018-10-23 18:10:53 -0700,beggin for thread,banks,Twix375Me4Q
491,2018-10-23,Omega,2018-10-23 18:06:16 -0700,come together,Gary Clark Jr,r7imYeuAfkg
491,2018-10-23,Omega,2018-10-23 18:02:51 -0700,Hi-Lo (hollow),Bishop Briggs,zHLD-aFahh8
491,2018-10-23,Omega,2018-10-23 17:27:43 -0700,widow's peak,Odetta Hartman,sZLnkztJoyM
490,2018-10-22,OmegaWork,2018-10-22 14:48:29 -0700,River,Bishop Briggs,
457,2018-10-10,OmegaWork,2018-10-10 22:33:15 -0700,buttonz,the pussycat dolls,
457,2018-10-10,OmegaWork,2018-10-10 21:57:09 -0700,let it burn,zz ward,oIcKB0HuFgU
457,2018-10-10,OmegaWork,2018-10-10 21:54:09 -0700,castle,halsey,
457,2018-10-10,OmegaWork,2018-10-10 21:49:20 -0700,upside down,paloma faith,lDeB5sDealI
457,2018-10-10,OmegaWork,2018-10-10 21:22:08 -0700,don't stop the music,rihanna,
457,2018-10-10,OmegaWork,2018-10-10 21:20:52 -0700,i know that he's mine,Caro Emerald,eOBffiaG5Xk
457,2018-10-10,OmegaWork,2018-10-10 21:18:57 -0700,i got mine,the black keys,tuR0aCQALDE
457,2018-10-10,OmegaWork,2018-10-10 21:18:47 -0700,short change hero,the heavy,l6eSksEp27U
457,2018-10-10,OmegaWork,2018-10-10 21:18:35 -0700,extreme ways,richard hall,nBB2bPwKWVg
457,2018-10-10,OmegaWork,2018-10-10 21:18:11 -0700,hollaback girl,gwen stefani,Kgjkth6BRRY
457,2018-10-10,OmegaWork,2018-10-10 20:12:55 -0700,play that funky music,wild cherry,MDZsNksbw2Q
457,2018-10-10,OmegaWork,2018-10-10 17:31:40 -0700,tongue tied,earl,-Kj2_bGe3lo
457,2018-10-10,OmegaWork,2018-10-10 17:31:29 -0700,bourbon street,jeff tuohy,2kQSFyq6mac
457,2018-10-10,OmegaWork,2018-10-10 17:31:12 -0700,s.o.b.,nathaniel rateliff & the night sweats,1iAYhQsQhSY
457,2018-10-10,OmegaWork,2018-10-10 17:30:47 -0700,i need a dollar,aloe blacc,nFZP8zQ5kzk
457,2018-10-10,OmegaWork,2018-10-10 17:30:22 -0700,my type,saint motel,IyVPyKrx0Xo
457,2018-10-10,OmegaWork,2018-10-10 17:30:11 -0700,hurt like mine,the black keys,tSBMyGDB-6E
457,2018-10-10,OmegaWork,2018-10-10 16:55:42 -0700,gold,kiiara,sO9cBXRcBvo
457,2018-10-10,OmegaWork,2018-10-10 16:52:51 -0700,mad hatter,melanie martinez,04UjShXZbD0
457,2018-10-10,OmegaWork,2018-10-10 15:28:03 -0700,express,christina aguilara,
457,2018-10-10,OmegaWork,2018-10-10 15:24:11 -0700,all that glitters,earl,WY8W6NqtTlM
457,2018-10-10,OmegaWork,2018-10-10 15:21:13 -0700,rum'n'cocacola (shake it up well),Tim Tim,3v0ValW8Yqg
457,2018-10-10,OmegaWork,2018-10-10 15:20:43 -0700,a night like this,caro emerald,74LXx0wSqMI
457,2018-10-10,OmegaWork,2018-10-10 15:20:30 -0700,here,alessia cara,UKp2CrfmVfw
457,2018-10-10,OmegaWork,2018-10-10 14:50:15 -0700,written in the water,gin wigmore,lMQofCndDAA
457,2018-10-10,OmegaWork,2018-10-10 14:19:06 -0700,charlie ain't home,zz ward,X4UVl8aNLxA
457,2018-10-10,OmegaWork,2018-10-10 14:17:41 -0700,i don't wanna wake up,ivy levan,pxIpQNH9MEk
456,2018-10-09,OmegaWork,2018-10-09 15:24:11 -0700,no roots,Alice Merton,PUdyuKaGQd4
456,2018-10-09,OmegaWork,2018-10-09 15:01:16 -0700,fall in line,christina aguilara and demi lovato,
455,2018-10-01,zerzhul,2018-10-01 13:14:29 -0700,I Got You,Karmin,15ICwXf1Duo
455,2018-10-01,zerzhul,2018-10-01 10:34:50 -0700,Dance With You,Karmin,CiNMjy0xoU8
455,2018-10-01,zerzhul,2018-10-01 10:02:13 -0700,Bad Blood,Taylor Swift,
455,2018-10-01,zerzhul,2018-10-01 09:57:09 -0700,Problem (feat. Iggy Azalea),Ariana Grande,iS1g8G_njx8
455,2018-10-01,zerzhul,2018-10-01 09:48:29 -0700,Sugar,Karmin,3aksnPgb0Wk
455,2018-10-01,zerzhul,2018-10-01 09:44:22 -0700,Come & Get It,Selena Gomez,n-D1EB74Ckg
455,2018-10-01,zerzhul,2018-10-01 09:25:44 -0700,Didn't Know You,Karmin,Jj3Ie49Mzik
455,2018-10-01,zerzhul,2018-10-01 09:18:43 -0700,Ready for It,Taylor Swift,
455,2018-10-01,zerzhul,2018-10-01 09:11:18 -0700,Feel It Still,Portugal. The Man,pBkHHoOIIn8
455,2018-10-01,zerzhul,2018-10-01 08:45:22 -0700,The Walk,Mayer Hawthorne,gmfcYli6vV4
455,2018-10-01,zerzhul,2018-10-01 08:24:41 -0700,Cult of Personality,Living Colour,7xxgRUyzgs0
455,2018-10-01,zerzhul,2018-10-01 08:20:29 -0700,Gimme Chocolate!!,BABYMETAL,WIKqgE4BwAY
455,2018-10-01,zerzhul,2018-10-01 08:17:25 -0700,Epic Radio,Jonny Nero Action Hero,
455,2018-10-01,zerzhul,2018-10-01 08:12:52 -0700,ZOMBIE,Qveen Herby,FUTKQPfNtV4
454,2018-09-30,OmegaWork,2018-09-30 21:07:51 -0700,river,bishop briggs,h5jz8xdpR0M
454,2018-09-30,OmegaWork,2018-09-30 20:01:37 -0700,so what,p!nk,FJfFZqTlWrQ
454,2018-09-30,OmegaWork,2018-09-30 19:52:41 -0700,i don't wanna wake up,ivy levan,pxIpQNH9MEk
453,2018-09-18,OmegaWork,2018-09-18 16:32:54 -0700,little bitty pretty one,frankie lymon & the teenagers,
453,2018-09-18,OmegaWork,2018-09-18 16:26:50 -0700,feel it still,portugal the man,pBkHHoOIIn8
452,2018-09-17,OmegaWork,2018-09-17 18:10:12 -0700,too many fish,karmin,if97KVPoyH0
452,2018-09-17,OmegaWork,2018-09-17 18:10:02 -0700,in the name of love,martin garrix & bebe rexha,vM2xWc0F1wM
452,2018-09-17,OmegaWork,2018-09-17 18:08:08 -0700,never forget you,zara larsson & MNEK,tD4HCZe-tew
452,2018-09-17,OmegaWork,2018-09-17 17:48:29 -0700,me too,meghan trainor,qDRORgoZxZU
452,2018-09-17,OmegaWork,2018-09-17 17:47:11 -0700,masterpiece,andy grammer,KYAzM6m4tH4
452,2018-09-17,OmegaWork,2018-09-17 17:46:59 -0700,hey ya!,outkast,PWgvGjAhvIw
452,2018-09-17,OmegaWork,2018-09-17 17:46:47 -0700,dance with me tonight,olly murrs,
452,2018-09-17,OmegaWork,2018-09-17 17:36:13 -0700,immortals,henry jackman,l9PxOanFjxQ
452,2018-09-17,OmegaWork,2018-09-17 17:33:22 -0700,wild ones,flo rida,bpOR_HuHRNs
452,2018-09-17,OmegaWork,2018-09-17 17:29:38 -0700,classic man,jidenna,nsiN0W15w0U
452,2018-09-17,OmegaWork,2018-09-17 17:25:17 -0700,yeah!,usher,c2zWM3YGEmo
452,2018-09-17,OmegaWork,2018-09-17 16:57:19 -0700,gonna make you sweat,C+C Music Factory,LaTGrV58wec
452,2018-09-17,OmegaWork,2018-09-17 16:53:58 -0700,the lazy song,bruno mars,
452,2018-09-17,OmegaWork,2018-09-17 16:53:46 -0700,sugar,maroon 5,09R8_2nJtjg
452,2018-09-17,OmegaWork,2018-09-17 16:49:13 -0700,brain stew,green day,UNq9gmY_Oz4
452,2018-09-17,OmegaWork,2018-09-17 16:42:37 -0700,i got mine,the black keys,tuR0aCQALDE
452,2018-09-17,OmegaWork,2018-09-17 16:34:58 -0700,castle,halsey,
452,2018-09-17,OmegaWork,2018-09-17 16:30:41 -0700,thumbs,sabrina carpenter,uAVUl0cAKpo
452,2018-09-17,OmegaWork,2018-09-17 16:30:26 -0700,sleepover,hayley kiyoko,W6jxPFtIAnw
452,2018-09-17,OmegaWork,2018-09-17 16:21:40 -0700,harder better faster stronger,daft punk,GDpmVUEjagg
452,2018-09-17,OmegaWork,2018-09-17 16:16:17 -0700,idgaf,dua lipa,
452,2018-09-17,OmegaWork,2018-09-17 16:12:55 -0700,cooler than me,mike posner,mqWq_48LxWQ
451,2018-09-16,OmegaWork,2018-09-16 16:46:03 -0700,love song,sara bareilles,qi7Yh16dA0w
451,2018-09-16,OmegaWork,2018-09-16 16:40:50 -0700,colors,michael blume,Xo3iJv-WuPE
451,2018-09-16,OmegaWork,2018-09-16 16:37:09 -0700,crazy,gnarls barkley,
451,2018-09-16,OmegaWork,2018-09-16 16:34:00 -0700,brand new,pharrell williams,fLwVyhx9wak
451,2018-09-16,OmegaWork,2018-09-16 16:29:28 -0700,how you like me now?,the heavy & the dap kings,
451,2018-09-16,OmegaWork,2018-09-16 16:25:32 -0700,FRIENDS,marshmello & anne-marie,ALZHF5UqnU4
451,2018-09-16,OmegaWork,2018-09-16 16:22:39 -0700,i'm not the one,the black keys,WZQ0nesOu7A
451,2018-09-16,OmegaWork,2018-09-16 16:08:52 -0700,shut up and dance with me,Walk the moon,6JCLY0Rlx6Q
451,2018-09-16,OmegaWork,2018-09-16 16:01:29 -0700,truth hurts,lizzo,P00HMxdsVZI
451,2018-09-16,OmegaWork,2018-09-16 16:00:51 -0700,scuse me,lizzo,tjILCNcHevY
450,2018-09-13,OmegaWork,2018-09-13 20:46:54 -0700,good to be alive,andy grammer,YDu93pdyBDE
449,2018-09-10,OmegaWork,2018-09-10 20:27:39 -0700,belle to remember,hailey kiyoko,
449,2018-09-10,OmegaWork,2018-09-10 20:09:08 -0700,i'm a mess,bebe rexha,LdH7aFjDzjI
448,2018-08-28,OmegaWork,2018-08-28 17:41:22 -0700,cake by the ocean,DNCE,vWaRiD5ym74
448,2018-08-28,OmegaWork,2018-08-28 17:30:10 -0700,it ain't my fault (remix),zara larsson and lil yachty,iRoWfgwRKfc
448,2018-08-28,OmegaWork,2018-08-28 17:07:35 -0700,want to want me,jason derulo,rClUOdS5Zyw
448,2018-08-28,OmegaWork,2018-08-28 17:02:17 -0700,me too,meghan trainor,qDRORgoZxZU
448,2018-08-28,OmegaWork,2018-08-28 16:52:23 -0700,get lucky,daft punk,h5EofwRzit0
448,2018-08-28,OmegaWork,2018-08-28 16:49:26 -0700,yeah!,usher,c2zWM3YGEmo
448,2018-08-28,OmegaWork,2018-08-28 16:49:17 -0700,play that funky music,wild cherry,MDZsNksbw2Q
448,2018-08-28,OmegaWork,2018-08-28 16:40:41 -0700,i got you,james brown,PJqKkZ1VVMk
448,2018-08-28,OmegaWork,2018-08-28 16:34:48 -0700,superstition,stevie wonder,0CFuCYNx-1g
448,2018-08-28,OmegaWork,2018-08-28 16:30:18 -0700,the way you make me feel,michael jackson,
448,2018-08-28,OmegaWork,2018-08-28 16:19:23 -0700,worship,lizzo,KN_na84b9ik
448,2018-08-28,OmegaWork,2018-08-28 16:17:20 -0700,got it,marian hill,
447,2018-08-26,OmegaWork,2018-08-26 18:32:21 -0700,downtown,macklemore & ryan lewis,
447,2018-08-26,Omega,2018-08-26 18:02:44 -0700,hash pipe,Toto,9N9OM1nxdYc
447,2018-08-26,Omega,2018-08-26 18:01:39 -0700,Africa,weezer,E4c7EE8_IX0
447,2018-08-26,OmegaWork,2018-08-26 17:55:41 -0700,lush life,zara larsson,tD4HCZe-tew
447,2018-08-26,OmegaWork,2018-08-26 17:10:20 -0700,"sincerely, jane",Janelle Monae,b_WhE7mBwK8
447,2018-08-26,ent|mobile,2018-08-26 16:59:47 -0700,Crying,Roy Orbison & k.d. lang,HBTuP6WvR0E
447,2018-08-26,ent|mobile,2018-08-26 16:58:52 -0700,Constant Craving,k.d. lang,oXqPjx94YMg
447,2018-08-26,OmegaWork,2018-08-26 16:55:47 -0700,wild things,alessia cara,g5vUBQBykJ4
447,2018-08-26,OmegaWork,2018-08-26 16:51:51 -0700,girls like you,maroon 5,aJOTlE1K90k
447,2018-08-26,OmegaWork,2018-08-26 16:39:54 -0700,boys,lizzo,HQliEKPg1Qk
447,2018-08-26,OmegaWork,2018-08-26 16:39:47 -0700,WTF,missy elliott,KO_3Qgib6RQ
447,2018-08-26,OmegaWork,2018-08-26 16:39:31 -0700,go get it,sepalot,yM_JAEXr-C0
446,2018-08-21,OmegaWork,2018-08-21 22:06:04 -0700,outside,calvin harris,J9NQFACZYEU
446,2018-08-21,OmegaWork,2018-08-21 22:00:39 -0700,love song,sara bareilles,qi7Yh16dA0w
446,2018-08-21,OmegaWork,2018-08-21 21:44:55 -0700,sweet melodies,lizzy land,h4Bb05BS5DE
446,2018-08-21,OmegaWork,2018-08-21 17:53:14 -0700,me too,meghan trainor,qDRORgoZxZU
446,2018-08-21,OmegaWork,2018-08-21 17:49:18 -0700,givin em what they love,janelle monae,56mGbtZT5cU
446,2018-08-21,OmegaWork,2018-08-21 17:46:20 -0700,the middle,"zedd, maren morris, grey",M3mJkSqZbX4
446,2018-08-21,OmegaWork,2018-08-21 17:39:51 -0700,rockabye,clean bandit,papuvlVeZg8
446,2018-08-21,OmegaWork,2018-08-21 17:34:00 -0700,happy,pharrell williams,y6Sxv-sUYtM
446,2018-08-21,OmegaWork,2018-08-21 17:28:14 -0700,immortals,henry jackman,l9PxOanFjxQ
446,2018-08-21,OmegaWork,2018-08-21 17:25:48 -0700,good to be alive,andy grammer,YDu93pdyBDE
446,2018-08-21,OmegaWork,2018-08-21 17:25:29 -0700,my type,saint motel,IyVPyKrx0Xo
446,2018-08-21,OmegaWork,2018-08-21 17:25:20 -0700,water me,lizzo,49I6JrUnSQg
446,2018-08-21,Omega,2018-08-21 17:11:30 -0700,forget you,ceelo green,
446,2018-08-21,OmegaWork,2018-08-21 17:02:26 -0700,turn me on,david guetta,YVw7eJ0vGfM
446,2018-08-21,OmegaWork,2018-08-21 16:57:46 -0700,yeah!,usher,c2zWM3YGEmo
446,2018-08-21,OmegaWork,2018-08-21 16:53:56 -0700,clumsy,fergie,tf_gPZSDIxI
446,2018-08-21,OmegaWork,2018-08-21 16:52:40 -0700,...ready for it?,taylor swift,wIft-t-MQuE
446,2018-08-21,OmegaWork,2018-08-21 16:51:40 -0700,bedroom floor,liam payne,E7q_wbbwGyU
446,2018-08-21,OmegaWork,2018-08-21 16:51:28 -0700,love myself,hailee steinfeld,
446,2018-08-21,OmegaWork,2018-08-21 16:51:00 -0700,black sheep,gin wigmore,u7aNKstBCM4
446,2018-08-21,OmegaWork,2018-08-21 16:50:36 -0700,smoke and fire,sabrina carpenter,E7XCNIfg-Hw
445,2018-08-20,OmegaWork,2018-08-20 16:56:58 -0700,run on,moby,rrBGUqNBEgE
445,2018-08-20,OmegaWork,2018-08-20 16:51:10 -0700,don't stop the music,rihanna,
445,2018-08-20,OmegaWork,2018-08-20 16:44:55 -0700,i like it,"cardi b, bad bunny, j balvin",xTlNMmZKwpA
445,2018-08-20,OmegaWork,2018-08-20 16:43:17 -0700,timber,pitbull,hHUbLv4ThOo
445,2018-08-20,OmegaWork,2018-08-20 16:42:47 -0700,truth hurts,lizzo,P00HMxdsVZI
444,2018-08-19,OmegaWork,2018-08-19 19:11:33 -0700,'til i collapse,eminem,
444,2018-08-19,OmegaWork,2018-08-19 19:06:22 -0700,i get around,tupac,YqJAnQTwmJs
444,2018-08-19,OmegaWork,2018-08-19 19:01:32 -0700,in my trunk,dev,jiFB_v7uHaY
444,2018-08-19,OmegaWork,2018-08-19 18:41:57 -0700,calabria 2007 (radio edit),enur,SGkK9SAGCXI
444,2018-08-19,OmegaWork,2018-08-19 18:37:38 -0700,dance apocalyptic,janelle monae,eaMBagakSdM
444,2018-08-19,OmegaWork,2018-08-19 18:33:55 -0700,go get it,sepalot,yM_JAEXr-C0
444,2018-08-19,OmegaWork,2018-08-19 18:31:51 -0700,boys,lizzo,HQliEKPg1Qk
443,2018-08-03,Omega,2018-08-03 11:34:02 -0700,low rider,war,ro4yhp9L6Ok
443,2018-08-03,Omega,2018-08-03 11:30:57 -0700,another one bites the dust,Queen,CWsJcg-g1pg
443,2018-08-03,Omega,2018-08-03 11:30:41 -0700,come get it bae,Pharrell Williams,UfGMj10wOzg
443,2018-08-03,Omega,2018-08-03 11:20:39 -0700,make me feel,Janelle monae,tGRzz0oqgUE
442,2018-08-02,OmegaWork,2018-08-02 19:56:40 -0700,electric lady,janelle monae,LPFgBCUBMYk
442,2018-08-02,OmegaWork,2018-08-02 19:56:26 -0700,IDGAF,dua lipa,
442,2018-08-02,OmegaWork,2018-08-02 19:56:14 -0700,uptown funk,mark ronson,OPf0YbXqDm0
442,2018-08-02,OmegaWork,2018-08-02 19:42:16 -0700,air force ones,nelly,BfzsMQGqrt0
442,2018-08-02,OmegaWork,2018-08-02 19:41:53 -0700,shake your tailfeather,"nelly, diddy, murphy lee",bG7DBO0k5lA
442,2018-08-02,OmegaWork,2018-08-02 19:32:45 -0700,right thurr,chingy,Y2aDHUa35FE
442,2018-08-02,OmegaWork,2018-08-02 19:30:37 -0700,next girl,the black keys,x_PrT25o8Vs
442,2018-08-02,OmegaWork,2018-08-02 19:23:35 -0700,clint eastwood,gorillaz,UclCCFNG9q4
442,2018-08-02,OmegaWork,2018-08-02 19:20:31 -0700,come get it bae,pharrell williams,UfGMj10wOzg
442,2018-08-02,OmegaWork,2018-08-02 19:14:55 -0700,get lucky,daft punk,h5EofwRzit0
442,2018-08-02,OmegaWork,2018-08-02 19:11:33 -0700,keep your head up,andy grammer,CmrOB_q3tjo
442,2018-08-02,OmegaWork,2018-08-02 19:07:24 -0700,paralyzer,finger eleven,BJk6gZuPKRE
442,2018-08-02,OmegaWork,2018-08-02 19:04:22 -0700,ain't too cool,lunchmoney lewis,RN6bZCDOdMo
442,2018-08-02,OmegaWork,2018-08-02 19:01:00 -0700,my type,saint motel,IyVPyKrx0Xo
442,2018-08-02,OmegaWork,2018-08-02 18:56:27 -0700,do-re-mi,blackbear feat. gucci mane,dfzlUHOFQ5k
442,2018-08-02,OmegaWork,2018-08-02 18:53:09 -0700,lush life,zara larsson,tD4HCZe-tew
442,2018-08-02,OmegaWork,2018-08-02 18:45:29 -0700,crzy,kehlani,2d7U4CX0PHk
442,2018-08-02,OmegaWork,2018-08-02 18:39:14 -0700,good as hell,lizzo,SmbmeOgWsqE
442,2018-08-02,OmegaWork,2018-08-02 18:35:16 -0700,all night,big boi,lXDYOUYipxA
442,2018-08-02,OmegaWork,2018-08-02 18:35:10 -0700,all bight,big boi,
442,2018-08-02,OmegaWork,2018-08-02 18:28:34 -0700,wings,little mix,cOQDsmEqVt8
442,2018-08-02,OmegaWork,2018-08-02 18:23:35 -0700,i love me,meghan trainor and lunchmoney lewis,CiQkmMoS3EY
442,2018-08-02,OmegaWork,2018-08-02 18:15:15 -0700,ain't no rest for the wicked,cage the elephant,HKtsdZs9LJo
442,2018-08-02,OmegaWork,2018-08-02 18:13:37 -0700,the lipstick on his collar,Caro emerald,2gGa4kXLj6c
442,2018-08-02,OmegaWork,2018-08-02 18:11:45 -0700,all that glitters,earl,WY8W6NqtTlM
441,2018-08-01,OmegaWork,2018-08-01 19:31:57 -0700,istanbul (not constantinople),milan & phoeix,w8EXG1WBmj0
441,2018-08-01,OmegaWork,2018-08-01 19:31:24 -0700,big bad handsome man,imelda may,4qJXTR7SyBQ
441,2018-08-01,OmegaWork,2018-08-01 19:30:48 -0700,gateway,fusq,oW5q4wCqtzc
441,2018-08-01,OmegaWork,2018-08-01 19:18:32 -0700,jimmy's gang,parov stelar,7fkOqXAHLKQ
441,2018-08-01,OmegaWork,2018-08-01 19:13:27 -0700,marilyn monroe,pharrell williams,nXXVMcyy_Ag
441,2018-08-01,OmegaWork,2018-08-01 19:09:54 -0700,gold on the ceiling,the black keys,6yCIDkFI7ew
441,2018-08-01,OmegaWork,2018-08-01 18:48:30 -0700,like a g6,far east momement,
441,2018-08-01,OmegaWork,2018-08-01 18:46:29 -0700,mr. saxobeat,alexandra stan,sS76eS34Y0c
441,2018-08-01,OmegaWork,2018-08-01 18:13:19 -0700,lone digger,caravan palace,
441,2018-08-01,OmegaWork,2018-08-01 18:10:05 -0700,upside down,paloma faith,lDeB5sDealI
441,2018-08-01,OmegaWork,2018-08-01 18:07:25 -0700,i don't wanna wake up,ivy levan,pxIpQNH9MEk
441,2018-08-01,OmegaWork,2018-08-01 18:05:12 -0700,bourbon street,jeff tuohy,2kQSFyq6mac
441,2018-08-01,OmegaWork,2018-08-01 17:00:17 -0700,stars,demi lovato,nMigoRFmL5I
441,2018-08-01,OmegaWork,2018-08-01 16:58:16 -0700,ragdoll,lucy woodward,801sv9HgcfQ
441,2018-08-01,OmegaWork,2018-08-01 16:53:33 -0700,box of secrets,zarif,NYhIgT8YIrk
441,2018-08-01,OmegaWork,2018-08-01 16:48:03 -0700,Mercy,Duffy,
441,2018-08-01,OmegaWork,2018-08-01 16:45:06 -0700,liquid lunch,caro emerald,EUV2GPas4aY
440,2018-07-31,entonfire,2018-07-31 18:36:50 -0700,Holding It Down,at Wendys,n0UUz531ToE
439,2018-07-25,OmegaWork,2018-07-25 21:42:43 -0700,in the dark,dev,mgEixhE3Oms
439,2018-07-25,OmegaWork,2018-07-25 21:38:12 -0700,disturbia,rihanna,E1mU6h4Xdxc
439,2018-07-25,OmegaWork,2018-07-25 21:11:40 -0700,i gotta feeling,black eyed peas,
439,2018-07-25,OmegaWork,2018-07-25 21:07:32 -0700,lonely boy,the black keys,a_426RiwST8
439,2018-07-25,OmegaWork,2018-07-25 21:04:11 -0700,my type,saint motel,IyVPyKrx0Xo
439,2018-07-25,OmegaWork,2018-07-25 21:03:56 -0700,me too,meghan trainor,qDRORgoZxZU
439,2018-07-25,OmegaWork,2018-07-25 21:03:47 -0700,come get it bae,pharrell williams,UfGMj10wOzg
439,2018-07-25,OmegaWork,2018-07-25 20:50:02 -0700,little bit more,jidenna,BzxjbS19MP0
439,2018-07-25,OmegaWork,2018-07-25 20:22:02 -0700,yoga,janelle monae,0OkB6p_FZAw
439,2018-07-25,OmegaWork,2018-07-25 20:19:01 -0700,water me,lizzo,49I6JrUnSQg
439,2018-07-25,OmegaWork,2018-07-25 20:16:45 -0700,all in my head (flex),fifth harmony,jsbeemdD2rQ
439,2018-07-25,OmegaWork,2018-07-25 20:16:21 -0700,flex,fifth harmony,jsbeemdD2rQ
439,2018-07-25,OmegaWork,2018-07-25 20:16:05 -0700,what's my name,"china anne mcclaine, thomas doherty, dylan playfair",
439,2018-07-25,OmegaWork,2018-07-25 20:15:23 -0700,Stay,zedd & alessia cara,-qnyd7Ht9uc
439,2018-07-25,Omega,2018-07-25 19:56:53 -0700,come & get it,Selena Gomez,n-D1EB74Ckg
439,2018-07-25,Omega,2018-07-25 19:51:37 -0700,I knew you were trouble,Taylor Swift,vNoKguSdy4Y
439,2018-07-25,Omega,2018-07-25 19:45:11 -0700,April showers,proleter,18JQUYgpOlw
439,2018-07-25,Omega,2018-07-25 19:44:45 -0700,Mr. Pinstripe suit,big bad voodoo daddy,aBxfAs_skMA
439,2018-07-25,Omega,2018-07-25 19:44:39 -0700,Mr. Pinstripe suit,bigbad voodoo daddy,
439,2018-07-25,OmegaWork,2018-07-25 19:35:10 -0700,seven nation army,postmodern jukebox featuring haley reinhart,sB6HY8r983c
439,2018-07-25,Omega,2018-07-25 19:29:58 -0700,naked,dev,wFz1F438490
439,2018-07-25,Omega,2018-07-25 19:24:55 -0700,classic man,jidenna,nsiN0W15w0U
439,2018-07-25,OmegaWork,2018-07-25 19:20:14 -0700,hey ya!,outkast,PWgvGjAhvIw
439,2018-07-25,OmegaWork,2018-07-25 19:15:31 -0700,black betty,caravan palace,D_JxMb8RLEY
439,2018-07-25,OmegaWork,2018-07-25 19:09:28 -0700,box of secrets,zarif,NYhIgT8YIrk
439,2018-07-25,OmegaWork,2018-07-25 19:05:15 -0700,just one dance,caro emerald,6QUmPZmkr4I
439,2018-07-25,OmegaWork,2018-07-25 19:01:06 -0700,ragdoll,lucy woodward,801sv9HgcfQ
439,2018-07-25,OmegaWork,2018-07-25 18:57:42 -0700,ain't gonna drown,elle king,jW23WBsv3Jc
439,2018-07-25,OmegaWork,2018-07-25 18:53:22 -0700,overdose,alessia cara,bH_C9veaiTk
439,2018-07-25,OmegaWork,2018-07-25 18:49:49 -0700,sleepless in NYC,autograf,g_tNy7ThHio
439,2018-07-25,OmegaWork,2018-07-25 18:36:59 -0700,can't stop the feeling,justin timberlake,p5RobDomh5U
439,2018-07-25,OmegaWork,2018-07-25 18:33:27 -0700,palace,hayley kiyoko,AnI7n0uoKWc
439,2018-07-25,OmegaWork,2018-07-25 18:28:49 -0700,new rules,dua lipa,k2qgadSvNyU
439,2018-07-25,OmegaWork,2018-07-25 18:05:48 -0700,bedroom,litany,-2uTSxFpyWQ
439,2018-07-25,OmegaWork,2018-07-25 18:03:25 -0700,feel good inc.,gorillaz,HyHNuVaZJ-k
439,2018-07-25,OmegaWork,2018-07-25 17:00:44 -0700,better when i'm dancn',meghan trainor,
439,2018-07-25,OmegaWork,2018-07-25 16:57:12 -0700,how you like me now,the heavy feat. the dap kings,zr2yXqmcSr0
439,2018-07-25,OmegaWork,2018-07-25 16:53:54 -0700,natural blues,moby,JNWhOJSzZ0M
439,2018-07-25,OmegaWork,2018-07-25 16:49:49 -0700,seven nation army,white stripes,0J2QdDbelmY
439,2018-07-25,OmegaWork,2018-07-25 16:44:25 -0700,mama yo (extended mix),mayra veronica vs. yolanda be cool,Zd6_mb5q5Us
439,2018-07-25,OmegaWork,2018-07-25 16:39:13 -0700,confident,demi lovato,cwLRQn61oUY
439,2018-07-25,OmegaWork,2018-07-25 16:36:44 -0700,most girls,hailee steinfeld,qBB_QOZNEdc
439,2018-07-25,OmegaWork,2018-07-25 16:36:26 -0700,side to side,ariana grande,SXiSVQZLje8
439,2018-07-25,OmegaWork,2018-07-25 16:36:08 -0700,cooler than me,mike posner,mqWq_48LxWQ
439,2018-07-25,OmegaWork,2018-07-25 16:19:05 -0700,suit & Tie,justin timberlake,IsUsVbTj2AY
439,2018-07-25,OmegaWork,2018-07-25 16:18:38 -0700,FRIENDS,Marshmello & Anne-Marie,
439,2018-07-25,OmegaWork,2018-07-25 16:00:22 -0700,s&m,rihanna,KdS6HFQ_LUc
439,2018-07-25,OmegaWork,2018-07-25 15:56:40 -0700,gold on the ceiling,the black keys,6yCIDkFI7ew
439,2018-07-25,OmegaWork,2018-07-25 15:52:46 -0700,sweet melodies,lizzy land,h4Bb05BS5DE
439,2018-07-25,OmegaWork,2018-07-25 15:44:49 -0700,shedontknowbutsheknows,tove lo,CKbp1rAh5PM
439,2018-07-25,OmegaWork,2018-07-25 15:40:59 -0700,try me on,karmin,4G8Xqr3W6P4
439,2018-07-25,OmegaWork,2018-07-25 15:40:06 -0700,now or never,halsey,
439,2018-07-25,OmegaWork,2018-07-25 15:35:10 -0700,slow hands,niall horan,
439,2018-07-25,OmegaWork,2018-07-25 15:33:42 -0700,ain't my fault,zara larsson,eC-F_VZ2T1c
438,2018-07-23,OmegaWork,2018-07-23 17:32:50 -0700, sad sad sunday,EG kight,f1PuUOgqUPw
438,2018-07-23,OmegaWork,2018-07-23 17:28:35 -0700,heart of mine,the peter malick group,tq1HB3xLctc
438,2018-07-23,OmegaWork,2018-07-23 17:26:18 -0700,how you gonna do me like that,danielle nicole,5-puSl-V2lI
438,2018-07-23,OmegaWork,2018-07-23 17:17:09 -0700,Salt in my wounds,shemekia copeland,HoElBWNVkQU
438,2018-07-23,OmegaWork,2018-07-23 17:11:33 -0700,home to you,trampled underfoot,YuAuk58AMTQ
438,2018-07-23,OmegaWork,2018-07-23 17:01:55 -0700,it ain't you,danielle nicole,o8LRLUrp90g
438,2018-07-23,OmegaWork,2018-07-23 16:50:24 -0700,a change is gonna come,leela james,0dtwpdgIUiQ
438,2018-07-23,OmegaWork,2018-07-23 16:43:34 -0700,it's 2 A.M.,shemekia copeland,LjvcHvSSgQU
438,2018-07-23,OmegaWork,2018-07-23 16:39:19 -0700,in the garden,susan tedeschi,
438,2018-07-23,OmegaWork,2018-07-23 16:36:48 -0700,la vie en rose,louis armstrong,8IJzYAda1wA
438,2018-07-23,OmegaWork,2018-07-23 16:22:19 -0700,do i ever cross your mind,ray charles and bonnie raitt,QgD3K9n4vGQ
438,2018-07-23,OmegaWork,2018-07-23 16:16:43 -0700,corner bar blues,liz mandeville,9uiwCJA0eqk
438,2018-07-23,OmegaWork,2018-07-23 16:10:26 -0700,tin pan alley,lavelle white,Z15HfJwp9kI
438,2018-07-23,OmegaWork,2018-07-23 15:57:17 -0700,darkness falls so quiet,nicole atkins,ln7pS3BLPUc
438,2018-07-23,OmegaWork,2018-07-23 15:55:40 -0700,lose,hannah gill,5iHaJw3xViI
437,2018-07-17,Omega,2018-07-17 21:45:56 -0700,pushing,andy grammer,WnoK7a4bG3A
437,2018-07-17,Omega,2018-07-17 21:34:18 -0700,blow me (one last kiss),pink,3jNlIGDRkvQ
437,2018-07-17,Omega,2018-07-17 21:32:58 -0700,s.l.u.t.,bea miller,uGjCUY59B_0
437,2018-07-17,Omega,2018-07-17 21:32:43 -0700,guys my age,hey violet,3LzWUAkpNrQ
437,2018-07-17,Omega,2018-07-17 21:32:21 -0700,thumbs,sabrina carpenter,uAVUl0cAKpo
436,2018-04-23,Nimrodblack,2018-04-23 11:34:27 -0700,"Hey Man, Nice Shot (Remastered Version)",Filter,eEqs5MtV7Iw
436,2018-04-23,Nimrodblack,2018-04-23 11:25:26 -0700,Conga Fury,Juno Reactor,Cb0-MjnXtKE
436,2018-04-23,Nimrodblack,2018-04-23 11:21:47 -0700,Psycho Killer (Remastered),Talking Heads,ozFFV_4n5eI
436,2018-04-23,Nimrodblack,2018-04-23 11:17:10 -0700,Born In Xixax,Nina Hagen,IymWeOu1NFI
435,2018-04-14,Omega,2018-04-14 02:57:27 -0700,at last,Etta james,S-cbOl96RFM
435,2018-04-14,Omega,2018-04-14 02:56:43 -0700,superstition,nnenna freelon,0xE-8vX2owA
435,2018-04-14,Omega,2018-04-14 02:54:50 -0700,what he don't need,the random acronym,1zagQpB_c0M&list=PLU6LMsySMu34cYSeJVXnn9byMfbLv3Rmy
435,2018-04-14,Omega,2018-04-14 02:54:21 -0700,St James infirmary,allen toussaint,IwKLPqZzmmI
434,2018-04-13,Omega,2018-04-13 23:42:26 -0700,limit to your love,James Blake,oOT2-OTebx0
434,2018-04-13,Omega,2018-04-13 23:41:54 -0700,love me like a river,Melody gardot,GOHb36KD5us
434,2018-04-13,Omega,2018-04-13 23:41:26 -0700,take me to church,Hozier,PVjiKRfKpPI
434,2018-04-13,Omega,2018-04-13 23:35:30 -0700,all on my mind,Anderson  east,1zSczaSm60U
434,2018-04-13,Omega,2018-04-13 23:24:36 -0700,get back temptation,ollabelle,inAXIbdIx-I
434,2018-04-13,Omega,2018-04-13 23:24:13 -0700,crawling kingsnake,john Lee hooker,wf13LDsc3wQ
434,2018-04-13,Omega,2018-04-13 23:19:11 -0700,too dry to cry,Willis Earl beal,xuDRyAWxNNw
434,2018-04-13,Omega,2018-04-13 23:15:22 -0700,three o'clock blues,b.b. king,d9ozjCQkqZs
434,2018-04-13,Omega,2018-04-13 23:13:01 -0700,you can disagree,Clarence gatemouth brown,ZBtVKCwldDg
434,2018-04-13,Omega,2018-04-13 23:00:35 -0700,W.O.M.A.N.,Etta James,fTco5rmYMVQ
434,2018-04-13,Omega,2018-04-13 22:58:36 -0700,mean ol' world,professor longhair,f123QtV9EGs
434,2018-04-13,Omega,2018-04-13 22:58:09 -0700,lie to me,Johnny lang,
434,2018-04-13,Omega,2018-04-13 22:57:05 -0700,don't wake me up,Lianne la havas,mcwbCAJ1UWM
434,2018-04-13,Omega,2018-04-13 22:51:27 -0700,don't wake me up,Lianne la havas,mcwbCAJ1UWM
434,2018-04-13,Omega,2018-04-13 22:50:15 -0700,ain't no sunshine,Freddie king,dVirtodd05k
434,2018-04-13,Omega,2018-04-13 22:43:07 -0700,Blues for mama,Nina Simone,hcikD_DX15A
434,2018-04-13,Omega,2018-04-13 22:23:52 -0700,jilted,puppini sisters,Prm73V7FLi4
434,2018-04-13,Omega,2018-04-13 22:16:35 -0700,like swimming,morphine,OirXJUQEzDM
434,2018-04-13,Omega,2018-04-13 22:15:19 -0700,ain't no love in the heart of the city,Bobby bland,WcF8Aos4XDA
434,2018-04-13,Omega,2018-04-13 22:13:31 -0700,Swim good,life is better blonde,kExQVRP9ACY
434,2018-04-13,Omega,2018-04-13 22:10:36 -0700,feel it still,lido remix,eKjU5DfdOq4
434,2018-04-13,Omega,2018-04-13 22:04:57 -0700,hound dog,big mama Thornton,yoHDrzw-RPg
434,2018-04-13,Omega,2018-04-13 22:01:45 -0700,I'm gonna miss you (like the devil),lazy Lester,2yZ90Hcwzj8
434,2018-04-13,Omega,2018-04-13 22:01:15 -0700,like a boss,Amy kucharic & friends,
434,2018-04-13,Omega,2018-04-13 21:56:52 -0700,duct tape on my soul,Kevin selfe,IoNd-rHgCEk
434,2018-04-13,Omega,2018-04-13 21:55:37 -0700,room with a view,di Anne price,FdXYZ4snh_k
434,2018-04-13,Omega,2018-04-13 21:55:03 -0700,coffee cold,Galt macdermot,iCwGQXJqu5s
434,2018-04-13,Omega,2018-04-13 21:47:42 -0700,don't you make me high,sankofa,vucnKe__oKw
434,2018-04-13,Omega,2018-04-13 21:47:09 -0700,the man you need,magic slim,x7ZaFdpTG8g
434,2018-04-13,Omega,2018-04-13 21:46:41 -0700,last two dollars,sweet pea Atkinson,RhL6HEqi7ks
434,2018-04-13,Omega,2018-04-13 21:46:14 -0700,sweat,poppa chubby,
434,2018-04-13,Omega,2018-04-13 21:44:06 -0700,sad sad Sunday,eg knight,f1PuUOgqUPw
434,2018-04-13,Omega,2018-04-13 21:43:07 -0700,Pablo's blues,gare du Nord,cNIFFr_LjGY
434,2018-04-13,Omega,2018-04-13 21:42:34 -0700,I'd rather go blind,Beyonce,jZVQD9piv7A
433,2018-03-25,Omega,2018-03-25 21:24:12 -0700,it girl,Pharrell Williams,pPZDBF0kei0
433,2018-03-25,Omega,2018-03-25 21:21:10 -0700,don't,Ed Sheeran,iD2rhdFRehU
432,2018-03-21,entonfire,2018-03-21 14:27:59 -0700,Ikea,Jonathan Coulton,IUPu_ipbVB0
431,2018-03-16,Omega,2018-03-16 22:31:10 -0700,I ain't got nothin' but the blues,Lou Rawls,pz56OSVw_Qg
431,2018-03-16,Omega,2018-03-16 22:14:46 -0700,you can't teach an old dog new tricks,seasick steve,5661DlLWV80
431,2018-03-16,Omega,2018-03-16 22:14:23 -0700,12 bar blues,reba Russell band,2f3Jphrf-9A
431,2018-03-16,Omega,2018-03-16 22:13:56 -0700,sing along,blue Man group and Dave Matthews,eagbog8_MGI
431,2018-03-16,Omega,2018-03-16 22:11:03 -0700,hurt makes it beautiful,hugo,kzgXx0kNjLE
431,2018-03-16,Omega,2018-03-16 22:01:29 -0700,don't you make me high,sankofa,vucnKe__oKw
431,2018-03-16,Omega,2018-03-16 22:01:14 -0700,like a boss,Amy kucharik & friends,
431,2018-03-16,Omega,2018-03-16 21:52:04 -0700,the thrill is gone,b.b. king and Eric Clapton,4NrSr3FPmO0
431,2018-03-16,Omega,2018-03-16 21:48:54 -0700,I'm gonna miss you (like the devil),lazy lester,2yZ90Hcwzj8
431,2018-03-16,Omega,2018-03-16 21:47:51 -0700,heartattack and Vine,Tom Waits,C49H3aWdiK8
431,2018-03-16,Omega,2018-03-16 21:39:35 -0700,is you is or is you ain't (my baby),b.b. king,hvC9qpw9JAs
431,2018-03-16,Omega,2018-03-16 21:37:44 -0700,Mississippi mud,James cotton ft. Keb' mo',hASsIh9Dins
431,2018-03-16,Omega,2018-03-16 21:30:05 -0700,Pablo's blues,gare du nord,cNIFFr_LjGY
431,2018-03-16,Omega,2018-03-16 21:27:44 -0700,the man you need,magic slim & the teardrops,
431,2018-03-16,Omega,2018-03-16 21:21:03 -0700,go to hell,Samantha fish,tfxDT76qbRA
431,2018-03-16,Omega,2018-03-16 21:18:00 -0700,last two dollars,sweet pea Atkinson,RhL6HEqi7ks
431,2018-03-16,Omega,2018-03-16 21:15:12 -0700,checkin' up on my baby,taj mahal,hrTJCf8Umec
431,2018-03-16,Omega,2018-03-16 21:13:46 -0700,hound dog,big mama Thornton,yoHDrzw-RPg
431,2018-03-16,Omega,2018-03-16 21:04:49 -0700,down in Mississippi,mavis staples,FeZmZ1Pt6C0
431,2018-03-16,Omega,2018-03-16 21:00:49 -0700,walkin' blues,seasick steve,hg6oAFgEWXc
431,2018-03-16,zerzhul,2018-03-16 14:32:53 -0700,Trigger Happy,Weird Al Yankovic,rN6avab0fIY
430,2018-03-12,entonfire,2018-03-12 10:25:20 -0700,Steven Universe,The Jam Song,IiHavtKvBCg
429,2018-03-09,zerzhul,2018-03-09 11:40:10 -0800,Meet The Elements,They Might Be Giants,Uy0m7jnyv6U
429,2018-03-09,zerzhul,2018-03-09 11:32:16 -0800,Don't Let's Start,They Might Be Giants,VJQnZZ-Wmao
429,2018-03-09,zerzhul,2018-03-09 10:42:38 -0800,Whistling In The Dark,They Might Be Giants,YyhGtKAkNTo
429,2018-03-09,zerzhul,2018-03-09 10:17:15 -0800,Birdhouse In Your Soul,They Might Be Giants,NhjSzjoU7OQ
429,2018-03-09,zerzhul,2018-03-09 09:41:53 -0800,Istanbul (Not Constantinople),They Might Be Giants,vsQrKZcYtqg
428,2018-02-24,entonfire,2018-02-24 15:20:09 -0800,Janelle MonÃ¡e,Make Me Feel,tGRzz0oqgUE
427,2018-02-23,Omega,2018-02-23 15:53:54 -0800,lately,humble & bliss ft. Cygnaeus,tvTRZJ-4EyI
427,2018-02-23,Omega,2018-02-23 15:43:57 -0800,7,catfish and the bottlemen,Ibv5N70ncsk
426,2018-02-22,entonfire,2018-02-22 15:16:50 -0800,See You Leave,RJD2,DYktDJAtKEI
426,2018-02-22,entonfire,2018-02-22 15:16:34 -0800,I Must Be In A Good Place Now,Bobby Charles,3YXI967iELo
425,2018-02-17,Omega,2018-02-17 12:40:25 -0800,my type,saint motel,IyVPyKrx0Xo
424,2018-02-16,zerzhul,2018-02-16 15:32:55 -0800,Pretend We're Dead,L7,NAdlZ2F-fs8
424,2018-02-16,zerzhul,2018-02-16 15:32:47 -0800,I Think I'm Paranoid,Garbage,ypr18UmxOas
424,2018-02-16,zerzhul,2018-02-16 15:30:21 -0800,Privilege,Incubus,BbAzB-KRaHo
424,2018-02-16,zerzhul,2018-02-16 15:06:50 -0800,Superman's Dead,Our Lady Peace,8CBBtorFg2I
424,2018-02-16,zerzhul,2018-02-16 14:59:14 -0800,I Alone,Live,FNrQOUtXYOo
424,2018-02-16,zerzhul,2018-02-16 14:50:32 -0800,Bullet With Butterfly Wings,Smashing Pumpkins,8-r-V0uK4u0
424,2018-02-16,zerzhul,2018-02-16 14:47:12 -0800,I'll Stick Around,Foo Fighters,X_rTTsZZ9KE
424,2018-02-16,zerzhul,2018-02-16 14:32:12 -0800,Bullet in the Head,Rage Against The Machine,fI677jYfKz0
424,2018-02-16,zerzhul,2018-02-16 14:26:24 -0800,Jaded,Green Day,UNq9gmY_Oz4
424,2018-02-16,zerzhul,2018-02-16 14:25:28 -0800,Hate To Feel,Alice In Chains,eiOjK_Wng7I
424,2018-02-16,zerzhul,2018-02-16 14:03:29 -0800,Wake Up,Rage Against The Machine,wauzrPn0cfg
424,2018-02-16,zerzhul,2018-02-16 13:59:50 -0800,So What'Cha Want,Beastie Boys,ru3gH27Fn6E
424,2018-02-16,zerzhul,2018-02-16 13:55:32 -0800,Corduroy,Pearl Jam,S73ypK3As8I
424,2018-02-16,zerzhul,2018-02-16 13:51:43 -0800,Insane in the Brain,Cypress Hill,RijB8wnJCN0
424,2018-02-16,zerzhul,2018-02-16 13:44:46 -0800,This Means War!! (feat. Ozzy Osbourne),Busta Rhymes,UcQFt-0iBQU
424,2018-02-16,zerzhul,2018-02-16 13:39:27 -0800,Keep Away,Godsmack,1uvwGmRf5M8
424,2018-02-16,zerzhul,2018-02-16 13:31:56 -0800,Self-Esteem,The Offspring,eeWjzBHUdsI
424,2018-02-16,zerzhul,2018-02-16 13:27:16 -0800,Only Happy When It Rains,Garbage,GpBFOJ3R0M4
424,2018-02-16,zerzhul,2018-02-16 13:23:36 -0800,No Place to Hide,Korn,LaguxG-8Ekw
424,2018-02-16,zerzhul,2018-02-16 13:18:14 -0800,Even Flow,Pearl Jam,CxKWTzr-k6s
424,2018-02-16,zerzhul,2018-02-16 13:14:57 -0800,Seether,Veruca Salt,jC9AUR-iTo0
424,2018-02-16,zerzhul,2018-02-16 13:11:12 -0800,Shut 'Em Down,Public Enemy,2wOcOBjB3uU
424,2018-02-16,zerzhul,2018-02-16 13:06:44 -0800,Crawling,Linkin Park,Gd9OhYroLN0
424,2018-02-16,zerzhul,2018-02-16 13:04:39 -0800,Animosity,Rancid,Zrs6B6nTqZY
424,2018-02-16,zerzhul,2018-02-16 12:59:17 -0800,Smells Like Teen Spirit,Nirvana,hTWKbfoikeg
424,2018-02-16,zerzhul,2018-02-16 12:56:23 -0800,Slam,ONYX,7ADgCeYJMN4
424,2018-02-16,zerzhul,2018-02-16 12:52:47 -0800,Wicked,Ice Cube,SsWsmH2d_Qg
424,2018-02-16,zerzhul,2018-02-16 12:48:59 -0800,Zero,Smashing Pumpkins,SqOMJ10QZcs
424,2018-02-16,zerzhul,2018-02-16 12:45:16 -0800,You Oughta Know,Alanis Morissette,NPcyTyilmYY
424,2018-02-16,zerzhul,2018-02-16 12:42:49 -0800,Song 2,Blur,SSbBvKaM6sk
424,2018-02-16,zerzhul,2018-02-16 12:39:01 -0800,Got the Life,Korn,VAWjsVoDpm0
424,2018-02-16,zerzhul,2018-02-16 11:37:20 -0800,The Chemicals Between Us,Bush,9AtnKPh-hE8
424,2018-02-16,zerzhul,2018-02-16 11:34:33 -0800,Plump,Hole,eC-V14JPPqs
424,2018-02-16,zerzhul,2018-02-16 11:31:22 -0800,Bring the Noise,Anthrax,kl1hgXfX5-U
424,2018-02-16,zerzhul,2018-02-16 11:23:59 -0800,The Sky is Fallin',Queens of the Stone Age,
424,2018-02-16,zerzhul,2018-02-16 11:20:56 -0800,About A Girl,Nirvana,AhcttcXcRYY
424,2018-02-16,zerzhul,2018-02-16 11:18:01 -0800,Do You Love Me Now?,The Breeders,H0Wh9gmKEXI
424,2018-02-16,zerzhul,2018-02-16 11:13:24 -0800,Black Hole Sun,Soundgarden,3mbBbFH9fAg
424,2018-02-16,zerzhul,2018-02-16 11:08:43 -0800,Wake Me Up when September Ends,Green Day,jVO8sUrs-Pw
424,2018-02-16,zerzhul,2018-02-16 11:05:24 -0800,Disarm,Smashing Pumpkins,d1acEVmnVhI
424,2018-02-16,zerzhul,2018-02-16 11:01:26 -0800,Daughter,Pearl Jam,RiqgTPmkfek
424,2018-02-16,zerzhul,2018-02-16 10:58:23 -0800,Down By The Water,PJ Harvey,lbq4G1TjKYg
424,2018-02-16,zerzhul,2018-02-16 10:52:34 -0800,Down in a Hole,Alice in Chains,f8hT3oDDf6c
424,2018-02-16,zerzhul,2018-02-16 10:49:14 -0800,Today,Smashing Pumpkins,xmUZ6nCFNoU
424,2018-02-16,zerzhul,2018-02-16 10:40:27 -0800,November Rain,Guns N' Roses,8SbUC-UaAxE
424,2018-02-16,zerzhul,2018-02-16 10:36:01 -0800,My Hero,Foo Fighters,EqWRaAF6_WY
424,2018-02-16,zerzhul,2018-02-16 10:31:00 -0800,Change (In The House of Flies),Deftones,WPpDyIJdasg
424,2018-02-16,zerzhul,2018-02-16 10:26:42 -0800,Everlong,Foo Fighters,eBG7P-K-r1Y
424,2018-02-16,zerzhul,2018-02-16 10:24:04 -0800,Lake of Fire,Nirvana,Y_jxjqkNVzI
424,2018-02-16,zerzhul,2018-02-16 10:20:34 -0800,I Can't Hear You,The Dead Weather,zj7jTtyCmOU
424,2018-02-16,zerzhul,2018-02-16 10:16:13 -0800,Fine Again,Seether,ET3-t1jFmo0
424,2018-02-16,zerzhul,2018-02-16 10:16:08 -0800,Alive,Pearl Jam,wGiTPgvKktM
424,2018-02-16,zerzhul,2018-02-16 10:06:36 -0800,Where Is My Mind?,Pixies,7ut52Szpd-w
424,2018-02-16,zerzhul,2018-02-16 10:03:14 -0800,Sunday,Sonic Youth,2CXD8PK6Djc
424,2018-02-16,zerzhul,2018-02-16 10:03:06 -0800,Creep,Radiohead,XFkzRNyygfk
424,2018-02-16,zerzhul,2018-02-16 09:55:07 -0800,Good Riddance (Time of Your Life),Green Day,CnQ8N1KacJc
424,2018-02-16,zerzhul,2018-02-16 09:51:15 -0800,Waiting for the End,Linkin Park,5qF_qbaWt3Q
424,2018-02-16,zerzhul,2018-02-16 09:46:27 -0800,Swallowed,Bush,8FIBPKRV3kk
424,2018-02-16,zerzhul,2018-02-16 09:42:32 -0800,Drive,Incubus,fgT9zGkiLig
424,2018-02-16,zerzhul,2018-02-16 09:38:20 -0800,Minerva,Deftones,mLa0-sQg1YM
424,2018-02-16,zerzhul,2018-02-16 09:37:41 -0800,It's Been Awhile,Staind,
424,2018-02-16,zerzhul,2018-02-16 09:32:25 -0800,Heart-Shaped Box,Nirvana,n6P0SitRwy8
424,2018-02-16,zerzhul,2018-02-16 09:27:34 -0800,Blurry,Puddle of Mudd,5RisBAkC0x8
424,2018-02-16,zerzhul,2018-02-16 09:20:49 -0800,Nothing Else Matters,Metallica,tAGnKpE4NCI
424,2018-02-16,zerzhul,2018-02-16 08:27:43 -0800,Black,Pearl Jam,QV2iYFl5eSk
424,2018-02-16,zerzhul,2018-02-16 08:23:42 -0800,Hit So Hard,Hole,MI5tcpFyQso
424,2018-02-16,zerzhul,2018-02-16 08:19:55 -0800,Seven Nation Army,The White Stripes,0J2QdDbelmY
424,2018-02-16,zerzhul,2018-02-16 08:15:38 -0800,Broken,Seether,hPC2Fp7IT7o
424,2018-02-16,zerzhul,2018-02-16 08:10:33 -0800,These Days,Foo Fighters,YDVAQI-4lto
424,2018-02-16,zerzhul,2018-02-16 08:05:49 -0800,Like A Stone,Audioslave,7QU1nvuxaMA
423,2018-02-14,Omega,2018-02-14 14:10:33 -0800,really don't care,demi lovato and cher lloyd,w7LbW9sXQ5s
423,2018-02-14,Omega,2018-02-14 13:51:37 -0800,you're such a,Hailee Steinfeld,OL-JMV2sFwk
422,2018-02-12,entonfire,2018-02-12 17:58:24 -0800,Baby Boy,Childish Gambino,dothnBCZB34
421,2018-02-08,zerzhul,2018-02-08 14:14:33 -0800,Lake of Fire,Nirvana,Y_jxjqkNVzI
421,2018-02-08,Omegatron,2018-02-08 14:08:53 -0800,ain't too cool,lunchmoney lewis,RN6bZCDOdMo
421,2018-02-08,Omegatron,2018-02-08 14:01:40 -0800,curious,hayley kiyoko,YXTzMOmmEfE
421,2018-02-08,Omegatron,2018-02-08 14:01:08 -0800,i love it,icona pop,UxxajLWwzqY
421,2018-02-08,Omegatron,2018-02-08 13:54:19 -0800,bulletproof,la roux,Kk8eJh4i8Lo
421,2018-02-08,Omegatron,2018-02-08 13:53:47 -0800,Like That,Bea Miller,4lOE9GV096E
421,2018-02-08,Omegatron,2018-02-08 13:37:37 -0800,girls like girls,Hayley Kiyoko,I0MT8SwNa_U
421,2018-02-08,Omegatron,2018-02-08 13:37:12 -0800,Wildest Dreams,Taylor Swift,IdneKLhsWOQ
421,2018-02-08,Omegatron,2018-02-08 13:36:55 -0800,lips are movin',Meghan Trainor,qDc_5zpBj7s
421,2018-02-08,Omegatron,2018-02-08 13:27:38 -0800,drifter,karmin,xNEHNUIBpKs
421,2018-02-08,Omegatron,2018-02-08 13:27:14 -0800,issues,julia michaels,
420,2018-02-06,entonfire,2018-02-06 17:45:59 -0800,Astralplane,Blues Pills,
419,2018-02-03,OmegaPhone,2018-02-03 21:30:38 -0800,what's a girl to do,bat for lashes,1Jfu_gfttSY
419,2018-02-03,OmegaPhone,2018-02-03 21:17:24 -0800,little black dress,sara bareilles,t0z64rwqhnw
419,2018-02-03,OmegaPhone,2018-02-03 21:07:36 -0800,dickhead,Kate Nash,suaveqvlWP8
418,2018-02-02,zerzhul,2018-02-02 15:00:32 -0800,Ex's & Oh's,Elle King,0uLI6BnVh6w
418,2018-02-02,zerzhul,2018-02-02 14:56:03 -0800,Sugar,Maroon 5,09R8_2nJtjg
418,2018-02-02,zerzhul,2018-02-02 14:19:46 -0800,Break The Walls Down,Jim Johnston,qLrodJZ9UKY
418,2018-02-02,zerzhul,2018-02-02 14:15:21 -0800,The Future,WWE & CFO$,
418,2018-02-02,zerzhul,2018-02-02 10:54:20 -0800,Don't Stop the Music,Rihanna,yd8jh9QYfEs
418,2018-02-02,zerzhul,2018-02-02 10:47:02 -0800,Shake Ya Ass,Mystikal,Vb2mnDp68S0
418,2018-02-02,zerzhul,2018-02-02 10:40:49 -0800,Get Low,Lil Jon & The East Side Boyz,IYH7_GzP4Tg
418,2018-02-02,zerzhul,2018-02-02 10:37:14 -0800,Crazy,Gnarls Barkley,bd2B6SjMh_w
418,2018-02-02,zerzhul,2018-02-02 10:33:03 -0800,Feel Good Inc,Gorillaz,HyHNuVaZJ-k
418,2018-02-02,zerzhul,2018-02-02 10:30:47 -0800,Hey Ya!,OutKast,PWgvGjAhvIw
418,2018-02-02,zerzhul,2018-02-02 10:25:37 -0800,Bad Romance,Lady Gaga,qrO4YZeyl0I
418,2018-02-02,zerzhul,2018-02-02 10:25:10 -0800,"One, Two Step",Ciara,iBHNgV6_znU
418,2018-02-02,zerzhul,2018-02-02 10:18:52 -0800,Toxic,Britney Spears,LOZuxwVk7TU
418,2018-02-02,zerzhul,2018-02-02 10:15:13 -0800,"Independent Women, Pt. 1",Destiny's Child,0lPQZni7I18
418,2018-02-02,zerzhul,2018-02-02 10:10:27 -0800,Pon de Replay,Rihanna,oEauWw9ZGrA
418,2018-02-02,zerzhul,2018-02-02 10:06:24 -0800,Can't Get You Out Of My Head,Kylie Minogue,
418,2018-02-02,zerzhul,2018-02-02 10:04:38 -0800,Sandstorm,Darude,y6120QOlsfU
417,2018-01-30,Omega,2018-01-30 15:49:09 -0800,bo$$,fifth Harmony,Y4JfPlry-iQ
417,2018-01-30,Omega,2018-01-30 15:23:53 -0800,spaceship,Andy grammer,ivRDgtyLldw
417,2018-01-30,Omega,2018-01-30 15:20:07 -0800,luck,American authors,B3UBv6nxu8Q
417,2018-01-30,Omega,2018-01-30 15:18:15 -0800,thunder,imagine dragons,fKopy74weus
417,2018-01-30,Omega,2018-01-30 15:15:08 -0800,i told you so,karmin,yEalWO4IjC4
417,2018-01-30,Omega,2018-01-30 15:07:43 -0800,grow up,Cher Lloyd,ct4noOyOPj4
417,2018-01-30,Omega,2018-01-30 15:05:42 -0800,"sit still, look pretty",daya,uPHKkewD1G0
417,2018-01-30,Omega,2018-01-30 15:00:08 -0800,don't wanna dance alone,fifth Harmony,TFgFBmwZBSE
417,2018-01-30,Omega,2018-01-30 14:57:21 -0800,nothing's wrong,echosmith,FW-9kIVBXUs
417,2018-01-30,zerzhul,2018-01-30 13:59:20 -0800,Cannonball,The Breeders,fxvkI9MTQw4
417,2018-01-30,zerzhul,2018-01-30 13:57:18 -0800,Inside Out,Eve 6,T8Xb_7YDroQ
417,2018-01-30,zerzhul,2018-01-30 13:52:47 -0800,It's All Been Done,Barenaked Ladies,Zs3xXlXSOKk
417,2018-01-30,zerzhul,2018-01-30 13:48:34 -0800,All For You,Sister Hazel,J95gaG7MYQY
417,2018-01-30,zerzhul,2018-01-30 13:44:58 -0800,Girlfriend,Matthew Sweet,n12OBlcHx9E
417,2018-01-30,zerzhul,2018-01-30 13:41:42 -0800,Lovefool,The Cardigans,NI6aOFI7hms
417,2018-01-30,zerzhul,2018-01-30 13:36:35 -0800,One Headlight,The Wallflowers,Zzyfcys1aLM
417,2018-01-30,zerzhul,2018-01-30 13:34:06 -0800,Big Me,Foo Fighters,pLdJQFTnZfA
417,2018-01-30,zerzhul,2018-01-30 13:29:36 -0800,Spiderwebs,No Doubt,6ZktNItwexo
417,2018-01-30,zerzhul,2018-01-30 13:26:12 -0800,Interstate Love Song,Stone Temple Pilots,yjJL9DGU7Gg
417,2018-01-30,zerzhul,2018-01-30 13:22:56 -0800,She Don't Use Jelly,The Flaming Lips,cvfxKbpoxRE
417,2018-01-30,zerzhul,2018-01-30 13:20:17 -0800,There's No Other Way,Blur,LJzCYSdrHMI
417,2018-01-30,zerzhul,2018-01-30 13:16:03 -0800,Walk on the Ocean,Toad The Wet Sprocket,12bM1CqHoBY
417,2018-01-30,zerzhul,2018-01-30 13:11:54 -0800,Semi-Charmed Life,Third Eye Blind,beINamVRGy4
417,2018-01-30,zerzhul,2018-01-30 13:07:52 -0800,You're a God,Vertical Horizon,U8s_q3IaglQ
417,2018-01-30,ent|mobile,2018-01-30 13:06:16 -0800,Rollout (My Business),Ludacris,t21DFnu00Dc
417,2018-01-30,zerzhul,2018-01-30 13:05:04 -0800,Buddy Holly,Weezer,kemivUKb4f4
417,2018-01-30,zerzhul,2018-01-30 13:00:54 -0800,If You Could Only See,Tonic,Sfg6-4mBs6Y
417,2018-01-30,zerzhul,2018-01-30 12:57:03 -0800,Hey Jealousy,Gin Blossoms,ah5gAkna3jI
417,2018-01-30,zerzhul,2018-01-30 12:14:34 -0800,Fly,Sugar Ray,zUtnwcv-quE
417,2018-01-30,zerzhul,2018-01-30 12:13:00 -0800,Fall Down,Toad The Wet Sprocket,_c5ln9wP0TA
417,2018-01-30,Nimrodblack,2018-01-30 05:46:51 -0800,Fluorescent Adolescent,Arctic Monkeys,ma9I9VBKPiw
417,2018-01-30,Nimrodblack,2018-01-30 05:41:22 -0800,Tighten Up,The Black Keys,mpaPBCBjSVc
417,2018-01-30,Nimrodblack,2018-01-30 05:38:41 -0800,Let's Go All The Way,Sly Fox,X-tYprm1WRo
416,2018-01-27,entonfire,2018-01-27 18:44:19 -0800,The Night Me and Your Mama Met,Childish Gambino,HT4MgAtBbJA
415,2018-01-24,entonfire,2018-01-24 20:37:06 -0800,If You Want Me To Stay,Sly & The Family Stone,qIOaU7Sm-ZE
415,2018-01-24,entonfire,2018-01-24 19:36:09 -0800,Cigarettes and Coffee,Otis Redding,NyMg-EhZ1Es
